artist,score,weighted_score
"Tim Kasher (Cursive, The Good Life)",1,1
The Gloomies,1,1
Admiral Fallow,5,5
Handgrenades,6,6
WL,5,5
Cold War Kids,3,3
Liza Anne,5,5
Death,2,2
Judah & the Lion,5,5
Polar Bear Club,4,4
HÆLOS,5,5
Cahalen Morrison & Eli West,2,2
Niki & the Dove,5,5
Young Buffalo,12,12
Dave Rawlings Machine,10,20
Kate Tempest,14,28
Memory Tapes,1,1
Joshua Bell & Jeremy Denk,1,1
Buscabulla,4,4
DakhaBrakha,10,20
Lautari,6,6
French Montana,1,1
Solo Woods,5,5
John Densmore,1,1
Janet Feder,1,1
The Bamboos,5,5
Brian Courtney Wilson,1,1
Nada Surf,25,50
Trevor Sensor,5,5
Fly Moon Royalty,13,13
Charlie Abbott,1,1
DJAO,5,5
Davíd Garza,1,1
Sam Roberts Band,5,5
Dub Thompson,5,5
Johnny Marr,2,4
Rodney Crowell,1,1
Nels Cline & Julian Lage,5,5
Springtime Carnivore,10,20
Holy Ghost Tent Revival,5,5
The One and Only PPL MVR,1,1
Special Explosion,5,5
Comedians of Comedy,1,1
Dry Heaves,4,4
Imperial Teen,8,8
Alvvays,5,5
Zeta,3,3
Ane Brun,1,1
Charles Hamelin & Olivier Jean,1,1
Mono Town,6,6
Cut Chemist,1,1
Brother Ali,6,12
King Gizzard and the Lizard Wizard,4,8
Yaeji,1,1
Budo,1,1
Wildbirds & Peacedrums,1,1
Shakey Graves,25,75
Michel Gondry,1,1
Sallie Ford,5,5
The Shivas,15,15
Minden,4,4
Sir Mix-A-Lot,1,1
DoNormaal,10,10
Le Butcherettes,1,1
Moon Honey,6,6
La Santa Cecilia,7,21
Cosmonauts,1,1
Portugal. The Man,12,24
Zola Jesus,13,39
White Buffalo,1,1
ScHoolboy Q,1,1
Grant Hart,5,5
Wedding Dress,5,5
Trentemøller,11,11
Akron/Family,1,1
Gypsyblood,1,1
Foster the People,1,1
The Daredevil Christopher Wright,8,8
Marius Ziska,8,8
Trans Am,1,1
Marty Stuart,1,1
The Simpsons-inspired Okilly Dokilly,1,1
Bess Rogers & Allison Weiss,6,6
Paul Kelly,12,24
Mr Twin Sister,2,2
Renaud Garcia-Fons,1,1
Still Parade,2,2
Surfer Blood,23,69
Anderson East,5,5
Scissor Sisters,1,1
Æla,10,10
American Wrestlers,10,20
Palma Violets,11,22
Cumulus,4,4
Thao & Mirah,4,4
Xeno & Oaklander,4,4
Hanson,4,8
Neil Finn,5,5
Lance Henriksen,1,1
Sky Parade,4,4
HAIM,2,4
The Dirty Nil,6,6
Cult Of Youth,5,5
Tuatara,5,5
Cornelius,1,1
Amadou and Mariam,1,1
２８１４,1,1
Psalm One,6,6
Sunjacket,6,6
Loving,1,1
Matthew Sweet,1,1
Questlove - 46 min Version,1,1
D.R.A.M.,1,1
Ex Hex,5,5
mr. Gnome,5,5
Diego Garcia,1,1
Shigeto,5,5
Fanfare Ciocarlia,1,1
Laura Gibson,6,12
Cosmos,6,6
Mr Silla,1,1
Wovoka Gentle,1,1
tUne-yArDs,1,1
Hamilton Leithauser,13,26
Mat Kerekes,5,5
Minor Characters,8,8
Jukebox the Ghost,6,6
Acrassicauda,5,5
"Bonnie ""Prince"" Billy",4,4
Big Ups,12,24
Midday Veil,9,9
Sisters,4,4
The Elected,4,4
Eli Roth,1,1
Christopher Owens,9,9
Billy Bragg & Joe Henry,6,12
Nai Palm,2,2
Brandi Shearer,1,1
Monsieur Periné,2,4
Sonny And The Sunsets,1,1
Wolf Alice,10,20
Rodriquez,1,1
Sweeping Exits,5,5
Fairchild,5,5
Vinyl Theatre,5,5
Seattle Rock Orchestra Quintet with Júníus Meyvant,1,1
Black Marble,2,2
Logic,3,6
Male Gaze,5,5
Miranda Cosgrove,1,1
Musikanto,7,7
DeVotchKa,6,6
Rakta,5,5
Fishbone,5,5
Watsky,2,2
Edward Sharpe And The Magnetic Zeroes,1,1
Chris Pureka,4,4
Hannibal Buress,1,1
Nick 13,2,2
Daymé Arocena,1,1
Counterparts,5,5
Billy Bragg & Wayne Kramer,1,1
Gaslamp Killer,1,1
Born Cages,4,4
Hozier,1,1
Prof,6,6
Fujiya & Miyagi,5,5
Samaris,15,15
Crowded House,1,1
Allo Darlin',9,9
Willy Mason,6,6
Mountain Man,1,1
Los Blenders,5,5
Sky Ferreira,1,1
Survival Knife,5,5
Ace Frehley (KISS),1,1
Jamie Lidell,5,5
Noura Mint Seymali,5,5
Linda Thompson,1,1
Avery*Sunshine,1,1
TOPAZ GANG,1,1
The Saxophones,1,1
Delicate Steve,1,1
Charlotte Gainsbourg,6,18
The Ironclads,4,4
DRAM,1,1
Rahim AlHaj,4,4
Ryan Hemsworth,1,1
Skates!,5,5
SOHN,5,5
Ben Stiller,1,1
Young Statues,7,7
The Maine,4,4
Mudhoney,20,40
Love Is All,1,1
Vibragun,5,5
Haley Bonar,9,27
Abandon Kansas,5,5
The Budos Band,6,12
Las Cafeteras,9,9
Ledisi,2,4
Lou Barlow,5,10
Don't Talk To The Cops!,2,2
Danny Tamberelli,1,1
Cass McCombs,1,1
Fresh Espresso,4,4
Dead Ship Sailing,6,6
Best Coast,14,42
Hermigervill,8,8
Day Wave & Hazel English,1,1
R.A. The Rugged Man,1,1
Modern Kin,5,5
Naked Giants,5,5
Gina Chavez,1,1
Omar Sosa & Paolo Fresu,1,1
Peter & Mia Frampton,1,1
Dasher,5,5
Unlikely Friends,5,5
Ghosts I've Met,5,5
Arthur Shea,1,1
Lost Lander,12,12
Admiral of Black,8,8
Gorgeous Bully,1,1
The Voidz,1,1
Brooklyn Rider,1,1
Saul Williams,3,6
Dreams West,1,1
Outrun the Sunlight,4,4
Ode,1,1
Steal Shit Do Drugs,10,10
Roomful Of Teeth,1,1
Royal Teeth,5,5
Bowmont,1,1
Kurt Braunohler,1,1
Florence and the Machine,5,10
William Bell,1,1
Garth Trinidad,1,1
"Barsuk 15 featuring Matthew Caws, Jesse Sykes & John Roderick",1,1
Ivan & Alyosha,19,38
The Very Best,5,5
All Them Witches,6,6
Guayaba,5,5
Celine Neon,5,5
Smoosh,4,4
Semi Precious Weapons,7,21
Futurewife,4,4
Field Music,6,12
Vusi Mahlasela,4,4
Frankie Broyles,1,1
Chain Wallet,1,1
The Death of Pop,1,1
Misty Coast,1,1
Pentimento,5,5
Winston Jarrett,5,5
Kay Kay and His Weathered Underground,6,6
Cristina Pato,1,1
Paul Weller,8,32
Matt Wertz,6,6
Kids and Animals,4,4
Those Pretty Wrongs,5,5
The Fresh and Onlys,1,1
Linda Perhacs,1,1
Brendan Perry,2,2
Meat Puppets,6,12
Seattle Rock Orchestra Quintet with Sin Fang,1,1
K'Naan,1,1
Chris Bathgate,1,1
Kweku Collins,5,5
The Slits,1,1
Neulore,5,5
The Palisades,5,5
Lil B,1,1
Iron And Wine,1,1
Northern Faces,6,6
Arctic Monkeys,5,10
Miss May I,1,1
Devendra Banhart,1,1
The Buttertones,1,1
Diane Cluck,1,1
Bleach03,1,1
Jay Nash,6,6
The Felix Culpa,5,5
The Family Crest,6,12
ASTR,4,4
Casey Chaos (Amen),1,1
Par-Ðar,4,4
Júníus Meyvant,8,8
Hosannas,5,5
Julieta Venegas,3,6
Kansas Bible Company,4,4
Amandla Stenberg,1,1
T.S.O.L.,1,1
A Balance Between,5,5
Corinne Bailey Rae,1,1
Leisure,1,1
The Floorwalkers,7,7
Choc Quib Town,4,4
Stroff,4,4
Buffalo Rodeo,7,7
LoneLady,6,6
Pepper Rabbit,4,4
Walking Papers,5,5
Father John Misty,17,51
Markús & the Diversion Sessions,7,7
"Slaughter Beach, Dog",5,5
!!!,6,6
Lina Tullgren,5,5
Demetri Martin,1,1
Jacob Bullard,1,1
Eugene Mirman,1,1
Mommy Long Legs,5,5
Diane Warren,1,1
Wizard Oz,1,1
Casper Skulls,5,5
Gone But Not,5,5
Waxahatchee,11,33
Martin Hayes & Dennis Cahill,1,1
JG Thirlwell,1,1
Courtney Love,1,1
Eskmo,1,1
Isobel Campbell,1,1
Liquid Passion,1,1
Dan Quayle,1,1
Lean Year,2,2
Blouse,9,9
Adam Freeland,1,1
Books On Fate,5,5
Shelby Earl & Tomo Nakayama,1,1
Moses Hightower,12,12
R.O.E. (Rising Over Envy),6,6
Madisen Ward And The Mama Bear,1,1
The Wilderness of Manitoba,5,5
Royale,10,10
Dave Depper,5,5
Vinyl Gear 101,1,1
John Doe with Mike McCready,5,5
Los Lobos,1,1
Hórmónar,4,4
The Bros. Landreth,5,5
Dyme Def,9,9
Elan Noon,1,1
Look Daggers,2,2
Souad Massi,1,1
edhochuli,5,5
Oketo,6,6
Nick Santino and the Northern Wind,5,5
Lemolo,18,36
Grand Parc,5,5
The Heavy,15,30
So Many Dynamos,3,3
Daedelus,1,1
Eternal Summers,5,5
Nail Polish,7,7
Nick Lowe,1,1
Goth Babe,2,2
Wire,13,13
Hooded Fang,1,1
Jherek Bischoff,5,5
Derek Gripper,1,1
Trio Da Kali,6,6
Feist pt. 1,1,1
Guantanamo Baywatch,5,5
Syd Arthur,6,6
Fareed Haque's MathGames!,6,6
Danny Malone,5,5
Thundercat,4,12
Paloma Faith,1,1
Anderson .Paak & The Free Nationals,1,1
Half Waif,9,18
Summer Babes,4,4
Kurt Vile,9,18
Prussia,1,1
Zedd,1,1
Lozen,5,5
Moon Gogo,5,5
Regulo Caro,1,1
Museum of Love,5,5
Duran Duran,2,2
Nicolas Winding Refn,1,1
Paul Banks,7,7
The ATL Twins,1,1
The Mars Volta,2,2
Mac Danzig (UFC),1,1
Bunbury,1,1
The Revivalists,4,4
Bloodshot Bill,5,5
CHAPPO,5,5
Alex Anwandter,5,5
The Waterboys,4,4
Parenthetical Girls,5,5
Line & Circle,4,4
"Yo-Yo Ma, Edgar Meyer, Chris Thile And Stuart Duncan",1,1
Mikaela Davis,6,6
Margaret Glaspy,6,12
Vampire Weekend,1,1
The Zombies,12,48
NZCA/LINES,1,1
Bob Weir,1,1
Ocote Soul Sounds,5,5
Galactic,9,9
Lapsley,1,1
Feist pt. 2,1,1
Enchanted Hunters,5,5
Pretty Lights,1,1
Nathan Salsburg,1,1
MEN,1,1
Diiv,1,1
Novalima,9,9
Gold & Youth,5,5
Oathbreaker,3,3
Vondelpark,1,1
Esmé Patterson,1,1
Fraternal Twin,7,7
The Bros  Landreth,1,1
The Dismemberment Plan,17,51
Spendtime Palace,1,1
A Dead Forest Index,5,5
White Arrows,5,5
Aye Nako,5,5
Wale,1,1
BUM,7,7
Fool's Gold,4,8
Barry Douglas,1,1
Casiokids,4,4
DJ Bonebrake (X),1,1
Haunted Horses,5,5
Maldita Vecindad,1,1
Habibi,1,1
Diego El Cigala,1,1
The Weather,5,5
The Tragic Thrills,6,6
Kembra Pfahler (Voluptuous Horror of Karen Black),1,1
Ivan And Alyosha,1,1
Olo Walicki Kaszebe II,5,5
Behemoth,1,1
Young The Giant,1,1
River Whyless,9,18
Jim Guthrie,1,1
Jake Bugg,6,12
The Moondoggies,18,18
First Aid Kit,12,36
Miya Folick,1,1
Petite League,2,2
Shawn Smith,5,5
Virgin Islands,4,4
Sufjan Stevens,1,1
Clark,1,1
Marmozets,5,5
Youth Lagoon,5,5
Courtney Marie Andrews,4,4
Kelli Schaefer,4,4
Chaos Chaos,5,5
Lithics,5,5
Teddy Abrams,1,1
Lord Huron,14,42
MS MR,1,1
Capsula,23,23
Lulacruza,5,5
DJ Scratch,1,1
Robert Randolph,1,1
Ben Folds,1,1
Natalia Lafourcade,2,4
Danilo Brito,1,1
Mister Lies,3,3
Buyepongo,5,5
Will Phalen,8,8
Phoenix,2,4
Mary Anne Hobbs,1,1
Urge Overkill,1,1
Final Spins,5,5
Bonnie Prince Billy,2,4
Rocky Votolato,5,5
J. Cole,1,1
Ben Harper,5,5
Charles Bradley and The Menahan Street Band,3,3
The Ballroom Thieves,10,10
There's Talk,1,1
DJ Khaled,1,1
Jennifer Hall,1,1
Lenny Kaye,1,1
Dark Meat,1,1
Implants,5,5
Motopony,11,22
Bootsy Collins,1,1
Field Trip,1,1
Derek Nelson and The Musicians,1,1
S,4,4
Cobra Starship,1,1
Freedom Fry,5,5
Andra Day,1,1
Prime Minister Justin Trudeau,1,1
Terence Blanchard,1,1
Ana Tijoux,2,4
Cotton Jones,3,3
Betsy Olson,4,4
JEFF The Brotherhood,7,21
Willie J Healey,1,1
Rancid,1,1
Liam Finn & EJ Barnes,1,1
The Chris Robinson Brotherhood,1,1
Adult Mom,7,7
Strange Americans,5,5
Strange Wilds,5,5
Aurora,1,1
Kali Uchis,1,1
Iggy Pop,1,1
Menomena,9,9
Ought,5,5
Who Knew,6,6
Chadwick Stokes,5,10
Crocodiles,9,9
John Grant,11,22
Raphael Saadiq,11,22
Nanami Ozone,1,1
Suburban Living,5,5
Navvi,2,2
Re-Ignition,6,6
Bottomless Pit,5,5
Geographer,9,18
Young Galaxy,2,2
Lo Moon,1,1
Flipper,1,1
BellaMaine,5,5
Open Mike Eagle,6,12
MASZER,10,10
Daniel Champagne,4,4
Western Haunts,5,5
Jackson Boone,5,5
Moon King,1,1
Lonesome Shack,5,5
Wilderado,5,5
The Corin Tucker Band,3,3
Land Lines,2,4
Real Numbers,5,5
POLO & Kamandi,1,1
fthrsn,1,1
Christian Scott Quintet,1,1
The Front Bottoms,7,14
Lindsay Lou & the Flatbellys,4,4
Hans Zimmer,1,1
Young Fathers,10,20
Black Pistol Fire,10,20
Cloud Nothings,15,30
[PHYSICS],1,1
Girls,2,4
Past Lives,3,3
Juana Molina,10,20
Angel Haze,1,1
Jason Vieaux And Yolanda Kondonassis,1,1
Joe Hertler & The Rainbow Seekers,7,7
King Khan & The Shrines,9,9
Purity Ring,7,21
Clap Your Hands Say Yeah,11,11
Shabazz Palaces,11,22
Sondre Lerche,11,22
The Fiery Furnaces,2,4
Immortal Technique,1,1
Trevor,1,1
A Place To Bury Strangers,1,1
Wil Campa y su Gran Union,5,5
Bleached,9,9
Peach Pit,7,14
Tal National,10,10
Death From Above 1979,2,2
Serena-Maneesh,1,1
NO [BLACK ENGLISH],4,4
Concord America,7,7
Owl John,5,5
Spinderella,1,1
Diamond Rings,4,4
Dolorean,4,4
El Ten Eleven,13,26
Pony Time,7,7
The Head And The Heart,1,1
Adam Haworth Stephens,1,1
Lianne La Havas,2,2
together PANGEA,5,5
Midnight Masses,2,2
Pierre Trudeau,1,1
Tortoise,2,2
OMD,8,16
Jack Wilson,4,4
Wild Beasts,3,3
Prima Donna,1,1
Dowsing,7,7
Those Darlins,3,3
Shooter Jennings,1,1
Gus Gus,4,4
High Highs,8,16
Mighty Boosh,1,1
Kal Cahoone,4,4
Daniel Ellsworth & The Great Lakes,6,6
Borko,8,8
Miike Snow,1,1
Wolf Parade,7,7
PAWS,15,30
Danny Newcomb & the Sugarmakers,5,5
Ardency,1,1
Exene Cervenka,1,1
Peter Bjorn and John,10,20
Speedy Ortiz,9,18
How To Dress Well,9,18
Lady Lamb,5,5
Bloc Nation,1,1
MØ,1,1
Maurice 'Mobetta' Brown & SOUL'D U OUT,5,5
Tiny Moving Parts,6,6
Foster The People,1,1
Raul Midón,5,5
Residuels,4,4
Jake Schepps' Expedition Quartet,1,1
The Kraken Quartet,5,5
Slingshot Dakota,3,3
TORRES,9,9
Orbital,5,5
Calexico,12,12
Will Jordan,5,5
The Fame Riot,5,5
Revolver,5,10
Holy Esque,5,5
Run River North,1,1
Edgar Wright,1,1
Getz Moa,1,1
Hounds Of The Wild Hunt,5,5
Thomas Mulcair,1,1
Paolo Angeli,1,1
Ghost of Paul Revere,5,5
Through the Roots,9,9
NAVVI,5,5
New Multitudes,1,1
Terra Lightfoot,5,5
Bigelf,1,1
A Sunny Day In Glasgow,5,5
Japandroids,5,5
The Jealous Sound,5,5
Sun Glitters,1,1
A Loss for Words,2,2
Zoe Muth,5,5
Jessie Ware,2,4
Iestyn Davies,1,1
The Strypes,1,1
Foxes in Fiction,1,1
Amy Helm,4,4
Benoît Pioulard,1,1
Lucinda Williams,6,12
Stickup Kid,6,6
Passafire,8,8
Moving Mountains,1,1
Gem Club,1,1
Sleaford Mods,6,6
Billy Strings & Don Julin,4,4
Dumb Waiter,5,5
Dana Buoy,5,5
King Khan and BBQ Show,5,5
Phylicia Rashad,1,1
Alisa Weilerstein,1,1
Chris Thile and Michael Daves,1,1
Deqn Sue,1,1
Endangered Blood,1,1
Son Little,1,1
The Chameleons Vox,11,11
The Black Lips,1,1
Joan Jett,1,1
Tomemitsu,1,1
Fort Frances,5,5
From Indian Lakes,12,12
Poliça,11,11
Wand,5,5
Federico Aubele,10,20
Tall Friend,8,16
Lee Bains III & The Glory Fires,5,5
Great Good Fine Ok,5,5
asdfhg.,8,8
Tegan And Sara,1,1
Alela Diane,8,8
Camp Cope,6,6
Bedouine,1,1
ODESZA,9,9
Zaramela,5,5
Tei Shi,7,14
Tim Minchin,1,1
Gaby Moreno,1,1
Cate Le Bon,2,4
PUBLIC,6,6
Country Lips,11,11
Xenoula,1,1
Daedelus & The Gaslamp Killer,1,1
You Blew It!,6,6
Split Single,9,9
Prime Minister Paul Martin,1,1
Sam Evian,2,2
Sandman Viper Command,8,8
Bill Frisell,3,9
Bobby Patterson,3,3
Gabriel Mintz,4,4
Stellastarr*,1,1
Gardens & Villa,1,1
Jason Mewes,1,1
Arnold Schwarzenegger,1,1
Houndmouth,5,5
Anna von Hausswolff,4,4
Fang Island,19,57
Guðrið Hansdóttir,1,1
Stella McCartney,1,1
Willie Watson,5,5
Bailiff,7,7
Slayer,2,2
Wildhoney,6,6
Albin Lee Meldau,1,1
Timbre,3,3
Their Ocean,1,1
Martin (The Notwist & Console),1,1
Midwest Hype,1,1
Devin,5,5
GEMS,5,5
Divine Fits,5,5
Jake Fogelnest,1,1
The Internet,7,21
Liturgy,1,1
Chicano Batman,10,20
Chromatics,3,3
You Won't,10,20
Lil Uzi Vert,1,1
Large Professor,1,1
Jaunt,1,1
The Body & Thou,5,5
Dessert,2,2
The Americans,5,5
OWEL,5,5
The Stubs,7,7
Fragile Rock,1,1
Vijay Iyer Trio,1,1
Diane Coffee,6,12
Ólafur Arnalds,9,9
DJ Lance Rock (Yo Gabba Gabba),1,1
Nathanial Rateliff,1,1
Jerome Holloway,5,5
JD McPherson,15,30
Murs & Fashawn,1,1
The Globes,4,4
Blood Orange,1,1
Maxwell Young,1,1
The Weather Station,1,1
A Rocket To The Moon,5,5
Chuck Ragan,1,1
High on Fire,1,1
Mark Pickerel,1,1
Hollie Cook,5,5
Abelard,1,1
Brad,5,5
Richard Metzger and Brad Laner,1,1
Silent Planet,5,5
I Wayne,1,1
Les Aventures de President Bongo: Tilbury,3,3
Lovers,4,4
Ty Segall & The Muggers,6,6
Grynch,4,4
Born Ruffians,1,1
Premier Christy Clark,1,1
Rob Halford,1,1
"Theo Parrish, Zernell & Marcellus Pittman",1,1
Molehill,1,1
Campfire OK,5,5
Jason Dodson & Ken Stringfellow,1,1
Slenderbodies,2,2
Patrick Watson,1,1
Pinegrove,7,14
David Douglas,1,1
Crystal Coast,1,1
No Vacation,4,4
Cosmo Pyke,1,1
Baba Booey,1,1
Superhumanoids,1,1
Vacationer,10,10
The Yawpers,10,20
Gibraltar,9,9
Vagabon,6,6
Jah Wobble's Invaders of the Heart,5,5
Diplo,1,1
Big Wheel Stunt Show,5,5
Eels,9,9
Feng Suave,1,1
Death Angel,1,1
dj flugvél og geimskip (Airplane and Spaceship) & SassyBlack,1,1
Holy Fuck,7,14
Jude Shuma,6,6
The Belle Brigade,7,14
Two Inch Astronaut,6,6
Stephen Malkmus and the Jicks,6,12
Kid Smpl,3,3
Romaro Franceswa,7,7
Yeah Yeah Yeahs,1,1
Jeremy Messersmith,1,1
Liz Cooper & The Stampede,4,4
Cheyenne Mize,5,10
Desert Noises,15,15
Perfume Genius,12,36
The Lonley Wild,1,1
Diarrhea Planet,9,9
Slimkid3 and DJ Nu-Mark,1,1
PowercuT,1,1
Lara St. John,1,1
Lightning Bolt,1,1
Richard Thompson,2,4
Elastic Bond,5,5
Daniel Bachman,5,10
Chuck D,2,4
Los Campesinos!,10,20
Adanowsky,1,1
Whitney Cummings,1,1
dj flugvél og geimskip (Airplane and Spaceship),1,1
Seattle Rock Orchestra,5,5
Asher Roth,1,1
Brite Futures,4,4
Tango Alpha Tango,5,5
Pokey LaFarge and the South City Three,5,5
Cradle Of Filth,1,1
Sloan,5,5
This Is The Kit,1,1
Jay Som,12,36
Alexei Shishkin,1,1
Japanese Breakfast,15,75
Idle Warship,2,2
Silversun Pickups,14,28
Pro Era Crew G+ Hangout on Air Q&A,1,1
German Error Message,2,2
Fred Armisen,2,4
The Soorleys,5,5
Keith Morris,1,1
Filastine,6,6
Night Beds,6,12
Busy Bee,1,1
Blowfly,1,1
Swervedriver,9,9
Audiences,5,5
Okilly Dokilly,1,1
The Distillers,1,1
Ron Reyes,1,1
Red Fang,5,5
Yeule,1,1
The Expendables,4,4
Israel Nash,12,12
Valgeir Sigurðsson & Jodie Landau,3,3
Froth,9,9
Las Robertas,5,5
Pet Symmetry,6,6
Emily Kinney,1,1
John Cale,5,5
boris,1,1
SOFTSPOT,1,1
Florist,1,1
Mutual Benefit,7,14
Lomelda,1,1
Nude Pop,5,5
Butthole Surfers,1,1
Psychic TV,1,1
Creepoid,5,5
silOHs,4,4
Disappears,4,4
Hinds,6,12
Group Of The Altos,1,1
PAPA,5,5
Bobby Womack,1,1
Milos,1,1
Hot Flash Heat Wave,6,6
Skyway Man,4,4
Doomtree,14,28
Kumail Nanjiani and Emily V. Gordon,1,1
Bully,5,5
the Soil & the Sun,17,17
Fruit Bats,17,17
Gil Cerezo (Kinky),1,1
Amanda Palmer And The Grand Theft Orchestra,1,1
Kekuhi and Kaumakaiwa Kanaka’ole,4,4
Iran,2,2
The Tea Cozies,4,4
"Yung Lean, Bladee & White Armor",6,6
Jean-Michel Jarre,1,1
Dirty Nice,1,1
Eric Andre,2,4
Joe Matt,1,1
Somos,6,6
The National Parks,5,5
The Technicolors,5,5
Have Mercy,6,6
Bear In Heaven,11,22
Insane Clown Posse,2,4
Making Movies,5,10
The Perceptionists,1,1
Chrome Sparks,3,3
Camané,1,1
Sólstafir,6,6
Shana Cleveland and The Sandcastles,5,5
clipping.,16,32
SoKo,2,2
Jeremy Pinnell,5,5
Junior Boys,5,5
World Party,3,3
Kelly Lee Owens,3,3
Attacca Quartet,1,1
Jamie Lono,6,6
Sinai Vessel,6,6
Hańba!,7,7
Jenn Grant,5,5
Bill Callahan,1,1
Los Amigos Invisibles,5,10
The Shams Band,1,1
Ages And Ages,6,12
Theophilus London,1,1
You'll Never Get to Heaven,1,1
Cibo Matto,4,4
Yellow Ostrich,9,9
Rebecca Roubion,6,6
Jessica Pratt,6,12
Brothers From Another,1,1
Metronomy,5,5
Jillian Edwards,6,6
Bloc Party,5,5
Joe Manganiello,1,1
Naomi Punk,5,5
Lucys,2,2
Robert Glasper,1,1
Retro Stefson,4,4
Fearce Vill,5,5
Jon Spencer Blues Explosion,8,8
Noah And The Whale,1,1
Pacifica Quartet,1,1
The Mystery Lights,1,1
Tea Cozies,1,1
Punch Brothers,1,1
Oyama,7,7
Surf Curse,6,6
Great Grandpa,9,18
Hjaltalín,6,6
Seaway,6,6
Yoke Lore,5,5
Flame Shark,1,1
Tame Impala,3,6
Daniil Trifonov,1,1
Washed Out,15,30
Aldous Harding,6,12
Hollywood Superman,1,1
The Ghost Ease,5,5
Chamberlin,1,1
NO,1,1
Kopecky Family Band,6,12
The Neighbourhood,1,1
Treehouse,1,1
Die Antwoord,1,1
The Pica Beats,5,5
Questlove - 9 min Version,1,1
AHI,1,1
Tuomo & Markus,6,6
Silicon Estate,1,1
Mike Dean,1,1
Christian Scott,1,1
Gwar,1,1
Bob Mould,20,60
Ben Sollee,8,16
Ages and Ages,8,16
The Shacks,3,3
Tomorrow Kings,1,1
Grace Love & the True Loves,6,6
Emily Hearn,5,5
mewithoutYou,5,5
Neon Indian,6,12
Gold Leaves,5,5
ADHD,6,6
David J,6,12
aYia,8,8
Big Jesus,7,7
Sego,4,4
The Misfits,1,1
Black Joe Lewis,9,9
Michael Franti & Spearhead,10,10
Air Traffic Controller,6,6
Magic Mouth,5,5
Square Peg Round Hole,4,4
Alt-J,17,51
Shout Out Louds,11,11
The Jayhawks,12,24
Amanda Blank,1,1
Fat White Family,1,1
Southern Culture on The Skids,1,1
Elijah Wood,1,1
Lowdown Brass Band,6,6
Jakob Dylan,1,1
Factory Floor,3,3
Alex Burrows,1,1
The Crayon Fields,6,6
The Legendary Pink Dots,1,1
Tom Tom Club,1,1
Evidence,1,1
Jack Peñate,3,3
Steve Gunn,3,6
Jon Brion,1,1
Julia Jacklin,1,1
Campdogzz,5,5
Baby Baby,5,5
Corey Taylor,1,1
Zee Avi,1,1
Edna Vazquez,9,9
Rich Chigga,1,1
Cian Nugent,1,1
Flavor Flav,1,1
Arborea,1,1
Casey Mecija,1,1
Big Star's Third,9,9
100 Monkeys,1,1
American Wolf,2,2
Black Mountain,9,9
Soft Hair,1,1
The Brother Brothers,5,5
Helen Stellar,1,1
The Suffers,10,30
EMEFE,5,5
Aurelio,9,9
Memoryhouse,1,1
Sidestepper,5,5
Chronixx,6,12
Brendan Canning,1,1
The Wu-Tang Clan,1,1
Fruit & Flowers,7,7
Just Another Snake Cult,4,4
The Whigs,9,9
Banditos,10,20
Gonjasufi,1,1
Nikki Lane,9,9
Infinite Bisous,1,1
Smith Westerns,10,20
Bentley (Nirvana fan),1,1
Hard Girls,1,1
Pompeii,5,5
Mini Dresses,1,1
Toro y Moi,15,30
Poncho Sanchez and Terence Blanchard,1,1
Charles Bradley,8,16
Cayucas,9,9
Terry Jacks,1,1
DJ Premier & The Badder Band,1,1
Queens of the Stone Age,4,4
The Hudson Branch,5,5
The Sarah Silverman Program,1,1
Marilyn Manson,1,1
Pharrell Williams,1,1
R.O.E. [Rising Over Envy],1,1
Against Me!,1,1
Daniel G. Harmann and The Trouble Starts,4,4
Exitmusic,6,12
Jóhann Jóhannsson,5,5
Krar Collective,5,5
Peter Wolf Crier,1,1
Ed Schrader's Music Beat,5,5
M. Ward,7,14
Lily & Madeleine,6,12
Super XX Man,1,1
Delvon Lamarr Organ Trio,9,9
AM & Shawn Lee,9,9
The Heavy Experience,2,2
Foals,10,20
La Sera,7,21
Radical Face,5,5
Howlin Rain,1,1
Old 97's,13,26
Jungle Fire,5,5
Delta Spirit,1,1
BRUNS,5,5
Low,15,30
Rolling Blackouts Coastal Fever,6,12
Deadkill,5,5
Bandit,7,7
Jyroscope,8,8
Emel Mathlouthi,5,5
Mammút,6,6
"Now, Now",12,36
Ásgeir,10,10
Simian Mobile Disco,3,3
Pharis and Jason Romero,2,2
The Kills,2,2
DOM,1,1
Young Jeezy,1,1
The Caretaker,1,1
The Caulfield Cult,6,6
The Deep Dark Woods,5,5
Recondite,1,1
Shafiq Husayn & Dove Society,5,5
Sound of Ceres,1,1
Wormburner,2,2
Angel Olsen,10,20
Joe Pernice,3,3
Terry Malts,11,11
Hiss Golden Messenger,9,18
Bruce Leroy,5,5
Emilíana Torrini,6,6
Fat Mike,6,6
Nina Diaz,1,1
Restorations,12,36
Boy Scouts,1,1
Lena Dunham & Lesley Arfin (GIRLS),1,1
Lily Allen,1,1
Tech N9ne,1,1
Bryan John Appleby,6,6
Michigander,5,5
Emily King,5,5
Mashrou' Leila,1,1
Mick Jenkins,1,1
The Creole Choir Of Cuba,1,1
Swear and Shake,6,6
Wild Pink,5,5
Max Gowan,1,1
Declan McKenna,1,1
Varsity,6,6
Flaming Lips (Kliph Scurlock),1,1
Strange Talk,1,1
Greg Ginn,1,1
Common Holly,7,14
Mild High Club,1,1
Come Wind,5,5
Crying,6,6
Georgia Anne Muldrow & Dudley Perkins,1,1
Fémina,5,5
Cigarettes After Sex,8,24
Dan The Automator,1,1
The Raveonettes,9,18
The Donkeys,8,8
Jimmy Whoo,1,1
Rosemary Fairweather,1,1
Saintseneca,8,32
Dean and Britta,1,1
Samito,5,5
Ruru,1,1
Manatee Commune,9,9
Wess Meets West,5,5
Ti West and Sara Paxton,1,1
Freelance Whales,5,5
G. Love,1,1
The Fabulous Downey Brothers,1,1
Thee Satisfaction,5,5
Dave McGraw and Mandy Fer,5,5
Shovels and Rope,1,1
Barbagallo,5,5
Blossom & The Kills,1,1
Santah,1,1
Islands,6,12
Cende,8,16
No BS! Brass Band,10,20
A Rocket to the Moon,1,1
True Blue,1,1
Penicillin Baby,5,5
Ryan Bingham,5,5
Cape Weather,1,1
Pierre Berton,1,1
Forth Wanderers,8,16
Chris Farren,5,5
Flosstradamus,1,1
Lucy Stone,6,6
Epic Rain,4,4
Dirty Dozen Brass Band,1,1
Dead Confederate,2,2
Strand Of Oaks,13,39
Two Gallants,11,22
Ylja,5,5
Brownout Presents Brown Sabbath,4,4
JD Samson + MEN,1,1
Itch,5,5
Stolas,5,5
Rare Essence,1,1
The War on Drugs,5,5
Middle Kids,5,5
United States of Electronica,2,2
Arcade Fire,1,1
Charlie Murphy,1,1
Sqaure Peg Round Hole,1,1
The Veils,9,9
K'naan -The Extended Version,1,1
The Ophelias,1,1
Pusha T,1,1
Archie Powell & The Exports,8,8
Kristin Hersh,8,8
Three Mile Pilot,5,5
Chimurenga Renaissance,9,9
Royal Canoe,5,5
Magic Potion,2,2
Maybe April,5,5
Between Mountains,5,5
"Eli ""Paperboy"" Reed",1,1
Carly Rae Jepsen,1,1
Field Mouse,5,5
UDF,5,5
Fortunate Youth,10,10
White Mystery,8,8
Lay Low,4,4
Agent Fresco,10,10
Rodrigo y Gabriela,9,18
Ky-Mani Marley,1,1
The Duke Spirit,1,1
Steve Wynn & The Miracle 3,2,2
Merk,1,1
FIDLAR,8,24
Sleep ∞ Over,2,2
Lil Yachty,1,1
Public Service Broadcasting,10,20
Over the Rhine,5,5
the GROWLERS,1,1
School of Rock,5,5
Otis Clay,1,1
Banks,1,1
Savages,6,12
Aimee Mann,7,21
Fufanu,13,13
John Congleton And The Nighty Nite,1,1
Bonus Track: Frank Black,1,1
A Million Years Ago,5,5
CHKBNS,5,5
Vince Staples,2,4
Go Long Mule,1,1
DJ Heidi,1,1
Girl Talk,1,1
A. Sinclair,4,4
These United States,4,4
Flaming Lips (Michael Ivins),1,1
Frightened Rabbit,21,21
Small Black,12,24
Ohyeahsumi,1,1
Temples,17,34
Sleepy Sun,2,2
Thunderpussy,6,6
Puffy Ami Yumi,1,1
Rachel Barton Pine,1,1
Wild Powwers,5,5
Knut Bell And The Blue Collars,1,1
Jolie Holland,9,18
Adele,1,1
Mike Scott (The Waterboys),1,1
Noah Gundersen,18,18
Devil Makes Three,1,1
Les Savy Fav,3,3
The Delta Saints,5,5
Sister Sparrow & The Dirty Birds,4,4
Jhené Aiko,1,1
Magic Giant,5,5
Amadou & Mariam,5,5
Futurebirds,16,32
Hospitality,6,12
August Kleinzahler,1,1
Jello Biafra,5,5
Being As An Ocean,6,6
Unbunny,5,5
Feist,2,2
Admiral Radley,5,10
Chuck Brown,1,1
Das Racist,5,10
Elia,5,5
Minus,1,1
Alice Cooper,1,1
Shelby Earl,16,16
The Revolutionary Hydra,5,5
Yo La Tengo,6,12
Dan Deacon,6,18
Kevin Morby,19,57
Action Bronson,1,1
Ashley Shadow,5,5
Twin Shadow,10,20
Title Fight,1,1
Bernache,1,1
Gossip,1,1
Yung Lean,1,1
Teenage Wildlife,1,1
Valerie June,19,57
Cameron Carpenter,1,1
Tweedy,8,24
eighth blackbird,1,1
State of the Artist,4,4
Floating Points,5,10
Turtle Giant,7,7
Owen Pallett,8,8
Grizzly Bear,3,3
Chico Sonido,1,1
Jason Schwartzman,1,1
Different Sleep,1,1
Arliss Nancy,1,1
Chanel West Coast,1,1
Kitty {Pryde},1,1
Sloucher,1,1
Isobel Campbell & Willy Mason,1,1
Ben Sollee and Daniel Martin Moore,3,3
Cousins,5,5
Låpsley,5,5
Balance and Composure,6,6
River City Extension,5,5
Ralph Castelli,1,1
Protomartyr,6,12
Harry Shearer,1,1
Axel Boman,1,1
Ximena Sarinana,1,1
The Secret Sisters,1,1
Tara Terra,5,5
The Defibulators,6,6
People Get Ready,1,1
Moses Sumney,7,14
What's In My Bag?,4,4
Thom Gillies,1,1
Ta-ku & Wafia,1,1
Ponderosa,4,4
Josh Berwanger,4,4
Savoy Motel,5,5
Step Rockets,5,5
Fauna Shade,5,5
GIVERS,1,1
Bun B,1,1
K Phillips,5,5
DJ TLR,1,1
Beauty Pill,1,1
Jens Lekman,8,24
Land of Talk,7,14
Parker Millsap,5,5
Deer Tick,12,12
The Portland Cello Project,4,4
Trail of Dead,1,1
Steve Martin and the Steep Canyon Rangers,1,1
Dead Sheriff,1,1
Hydra Melody,6,6
Dustin Kensrue,1,1
Systems Officer,4,4
White Poppy,1,1
Ric Wilson,5,5
Matthew Logan Vasquez,4,4
Saskatchewan,1,1
Mike Mains & The Branches,6,6
The Madcaps,5,5
The Rosebuds,8,8
Eyelids,6,6
Matt Pond PA,5,5
Luke Winslow-King,6,12
Cuushe,1,1
Ne-Hi,3,3
Kristen,4,4
Such Gold,6,6
Ian Moore and The Lossy Coils,5,5
Michael Monroe and Sami Yaffa,1,1
Hjaltalín,8,8
Penny and Sparrow,5,5
Benjamin Verdoes,5,5
Sofia Rei,1,1
Uncle Frank (Jimmy Kimmel Live!),1,1
Phantogram,20,60
YG,5,10
Secret Chiefs 3,1,1
Black Dub,1,1
Rhye,1,1
THEESatisfaction,11,11
Snoop Dogg,7,7
Lost in the Trees,5,10
Paupière,5,5
The One AM Radio,6,18
The Glitch Mob,1,1
Wintersleep,5,5
Roky Erickson & Will Sheff,1,1
Bombino,7,14
Sims,7,7
Day Wave,6,6
Peter Murphy,2,4
Filthy Friends,5,5
Timmy Thomas,1,1
Kat Wright,5,5
Delorean,5,5
Ratboys,5,5
The Pains Of Being Pure At Heart,6,6
Kid Congo Powers,1,1
Bo Ningen,4,4
Hunx and His Punx,1,1
Fantastic Negrito,1,1
Miri,1,1
Tokyo Police Club,4,4
The Radio Dept.,3,3
Spissy,5,5
Shearwater,15,30
Heligoats,2,2
Stickers,5,5
The Damned,1,1
Black Bananas,1,1
Nick Harmer (Death Cab For Cutie),1,1
Taj Mahal,1,1
Huun‐Huur‐Tu,5,5
Lady Gaga,1,1
Andrew Joslyn,5,5
Henrietta,5,5
Nic Hessler,6,6
Say Hi,5,10
AFI,2,4
The Brian Jonestown Massacre,1,1
Ashley Monroe,1,1
Blue Giant,5,5
Warbringer,1,1
Valdimar,11,11
Amos Miller,11,11
Cedric Watson,5,5
Cory Branan,6,6
Zig Zags,5,5
Drangar,9,9
Incan Abraham,4,4
Robb Reiner (Anvil),1,1
Bad Cop,5,5
Joey Bada$$,1,1
PINKY,1,1
July Talk,8,8
New Order,1,1
Vertical Scratchers,6,6
Light Asylum,5,5
Eef Barzelay,5,5
Test Apes,5,5
Molina y Los Cósmicos,5,5
Tangerine,9,9
Strangers You Know,6,6
Cloud Cult,19,19
X,5,5
Plants and Animals,5,5
St. Paul & the Broken Bones,14,14
Monika,1,1
Microwave,13,13
OCnotes,4,4
OFF!,5,5
Cory Hanson,5,5
Asa,1,1
Drenge,5,5
Tim Ranow,1,1
Brian Marquis,4,4
Jónsi,1,1
Diane Birch,5,5
Murder by Death,5,5
Prins Póló,1,1
Sage Francis,1,1
The Shins,7,21
Tobacco,5,5
Vikesh Kapoor,5,5
Penguin Prison,5,5
Rolling Coastal Blackout Fever,1,1
Damian Pink Eyes Abraham,1,1
Los Colognes,5,5
The Heligoats,1,1
Mary Halvorson Quintet,1,1
Citay,4,4
Grand Archives,3,3
The Stepkids,4,4
Mike Krol,4,4
Rökkurró,6,6
Jakob Ogawa,2,2
Lou Rebecca,1,1
Matt Haimovitz & Christopher O'Riley,1,1
Abigail Washburn,2,4
Sphaeras,4,4
Blunt Mechanic,4,4
Blue Scholars,9,9
SISTERS,5,5
Ólöf Arnalds,7,7
Mayday Parade,5,5
The Vaselines,13,26
LEISURE,1,1
Liars,10,20
Stolen Jars,7,7
The Builders And The Butchers,1,1
Raz Simone,5,5
Captured By Robots,1,1
Built To Spill,5,5
VentureX,1,1
The Kingston Springs,7,7
Questlove,1,1
Girl Band,7,7
Danny Brown,1,1
Maggie Rogers,1,1
Current Joys,3,3
Johnny Mathis,1,1
Cataldo,5,5
King Buzzo,5,5
Fiery Furnaces,1,1
Quantic,5,5
Mates of State,5,10
Fear of Men,5,10
King Krule,4,16
Iceage,2,4
Kings of Leon,1,1
Suzanne Vega,1,1
Peaking Lights,4,4
Nick Hakim,2,2
Debashish Bhattacharya,1,1
Cloud Control,6,12
The Weather Machine,6,6
Jack Layton,1,1
Kimbra,4,4
Dry the River,5,5
Idiot Glee,5,5
The Big Pink,6,12
Behold the Brave,5,5
San Fermin,17,68
The Delines,5,5
Human Giant,1,1
Jaill,4,4
Unnatural Helpers,13,13
Rob Sevier (Numero Group),1,1
Feral Children,8,8
Future Bible Heroes,5,5
De Lux,1,1
Hoops,10,20
Beach Fossils,15,30
Future,1,1
Patty Griffin,1,1
Jaded Juice Riders,1,1
Songhoy Blues,11,22
Babeheaven,1,1
Nicole Miglis,1,1
Strongboy,1,1
G. Green,6,6
Giant Giant Sand,5,5
The Dutchess and the Duke,5,5
Reignwolf,8,8
sir Was,1,1
Explosions In The Sky,6,6
Architecture in Helsinki,1,1
Rose Droll,1,1
Summer Cannibals,11,11
Matthew Santos,4,4
Útidúr,1,1
Sashay,5,5
Vundabar,7,14
Violent Femmes,5,5
Ro James,1,1
Billy Corgan,1,1
Kevin Seconds,1,1
T-Pain,2,4
Skinny Lister,1,1
Peaches,4,4
The Builders and the Butchers,5,5
Aurelio Martinez,1,1
The Devil Whale,1,1
Gracie and Rachel,6,12
Grace Love,1,1
Stone Cold Fox,5,5
J GRGRY,6,6
Drive-By Truckers,10,20
Billy Bragg,10,30
Jessica Lea Mayfield,13,39
Joshua James,7,7
Pleasure Plateau,1,1
Spotlights,3,3
Death Cab for Cutie,1,1
Lucy Rose,5,5
Surf Rock Is Dead,7,14
Woolworm,6,6
Elixir On Mute,1,1
Sidi Touré,5,5
Kithkin,5,5
Elenowen,5,5
Morgan Delt,1,1
Ty Segall,12,36
Shelf Life,3,3
Rejjie Snow,1,1
Alec Ounsworth,2,4
Bassekou Kouyate & Ngoni Ba,6,12
Lucius,16,48
Wussy,20,20
Sunflower Bean,6,12
Gary Numan,9,18
The Dandy Warhols,9,9
Joshua Morrison,7,7
Homeshake,7,7
Wray,1,1
múm,5,5
Yuna,1,1
Agnes Obel,1,1
Grouplove,5,10
The Walkabouts,5,5
Chali 2na,1,1
A$AP Rocky,1,1
Bob Moses,5,5
Two Door Cinema Club,2,4
Trails and Ways,9,9
Ian MacKaye,1,1
Lee Bob & The Truth,4,4
Travis Bretzer,2,2
JEFF the Brotherhood,5,5
Robert Glasper Experiment,5,10
Buke & Gase,1,1
Vansire,2,2
Fitz and The Tantrums,9,9
Fear Of Men,5,5
Greys,9,18
Natasha Kmeto,5,5
Tijuana Panthers,7,14
Crumb,2,2
EL VY,2,4
Graffiti6,4,4
Night Idea,4,4
Robbie Fulks,5,5
Au.Ra,5,5
Fugiya and Miyagi,2,2
Lykke Li,8,24
Donovan Wolfington,5,5
Triathalon,12,24
All Dogs,6,6
Paris Combo,5,5
Greg Graffin (Bad Religion),1,1
The Mike Middleton Band,1,1
alt-J,7,14
Beach Coma,1,1
John Mark Nelson,5,5
Steel Panther,1,1
Vagina Town,6,6
Low Roar,12,12
Drug Church,5,5
SOAK,6,12
Graham Nash,1,1
Kreayshawn,1,1
Great Divide,1,1
Timothy Simons,1,1
Eddie Muller,1,1
Howe Gelb,5,5
Kurt Vile And The Violators,5,5
Anthony D'Amato,7,14
Emily Yacina,3,3
Os Mutantes,13,26
The Transplants,1,1
The Purrs,4,4
The Thermals,29,29
Courtney Love & Drew Barrymore,1,1
Joe Driscoll & Sekou Kouyate,5,5
Other Lives,12,36
Trampled By Turtles,13,26
Fredrik,1,1
Simple Plan,1,1
Rhett Miller,11,11
Thao and the Get Down Stay Down,12,12
Few Bits,1,1
Julia Stone,1,1
Úlfur Úlfur,6,6
Kayhan Kalhor,1,1
Charlie Abbot,1,1
Oliver Mtukudzi and the Black Spirits,5,5
The Growlers,25,75
Seahaven,5,5
Kim Ann Foxman (Hercules & Love Affair),1,1
Seth Rogen,1,1
Katy Perry,2,2
José González,1,1
Matthew Fowler,5,5
The Rural Albert Advantage,1,1
Vieux Farka Touré,4,4
Ted Leo,1,1
Raica,3,3
Cut Copy,2,4
Dream Ritual,5,5
Morningsiders,6,6
Brent Cobb,1,1
Bleachers,1,1
Night Moves,5,5
Caged Animals,1,1
Mike Gordon,3,3
Wimps,12,12
"Kitty, Daisy & Lewis",5,5
City and Colour,1,1
Sean Rowe,1,1
Villagers,5,10
DJ Smiles Davis,1,1
Omara Portuondo,1,1
Jay Arner,5,5
Throwing Muses,10,10
Wavves,5,10
Night Beats,5,5
Madeline Kenney,5,5
Luke Sital-Singh,5,5
The Modern Electric,6,6
The Pains of Being Pure at Heart,13,26
The Green,6,6
"Lee ""Scratch"" Perry & Subatomic Sound System",4,4
Mt. St. Helens Vietnam Band,8,8
La Roux,1,1
Peter Quirk,5,5
Prins Póló,6,6
Scott H. Biram,9,9
Looming,7,7
Big Brave,3,3
Lone,1,1
The Jet Age,5,5
Serj Tankian,1,1
Foreign Born,4,4
They Might Be Giants,2,4
Nate Smith + KINFOLK,1,1
Tennis System,1,1
CFCF,1,1
Sharon Jones & The Dap Kings,11,33
Yak,6,6
Zola Blood,1,1
"Mary Wilson (The Supremes), Freda Payne & Linda Clifford",1,1
Andy Svarthol,5,5
Phox,1,1
Disclosure,1,1
Mega EvErs,5,5
The True Loves,6,6
The Arcs,1,1
Angelo De Augustine,3,3
Sun Seeker,5,5
Posse,8,8
Great Lake Swimmers,1,1
The Libertines,1,1
Fall Out Boy,1,1
Poncho Sanchez,1,1
Cheick Hamala Diabate,1,1
HAERTS,8,8
Eagles of Death Metal,1,1
Wiz Khalifa,1,1
Bernhoft,5,5
St. Paul & The Broken Bones,4,4
Big Scary,5,5
Screaming Females,11,22
David Greilsammer,1,1
Marlon Williams,5,5
Cassy,1,1
Groove Armada,1,1
Blitz the Ambassador,5,5
Tapes 'n Tapes,1,1
Nick Jaina,4,4
FF,5,5
Breathe Owl Breathe,5,5
Big Troubles,5,5
Carla Dal Forno,1,1
Troker,1,1
Sobs,1,1
Crater,5,5
Zach Schimpf,1,1
Common Market,2,2
Pinback,6,12
Big Sean,1,1
Don Cherry,1,1
The Besnard Lakes,8,8
Jerkcurb,1,1
Phonte (Foreign Exchange/Little Brother),1,1
Dream Wife,8,8
Kasabian,1,1
Megadeth,1,1
Hounds Of Hate,6,6
Austra,15,15
Jason Lee,1,1
Doug Seegers,5,5
Palo Sopraño,1,1
Sinkane,5,5
Sleater-Kinney,2,2
Backwards Dancer,4,4
METZ,20,40
Boogat,10,20
WAKER,5,5
Cristina Bautista,5,5
Foy Vance,1,1
Fleet Foxes,7,21
The Foreign Exchange,1,1
DragonForce,1,1
Jons,1,1
Train Company,1,1
Matty,1,1
Ride,19,19
Apparat Organ Quartet,6,6
Lee Ranaldo,1,1
Busta Rhymes,1,1
Bat House,3,3
David Bazan performs Pedro the Lion,5,5
Zuill Bailey,1,1
Kate Nash,2,2
BJ The Chicago Kid,1,1
O'Brother,18,18
Broken Social Scene,4,8
Soft Metals,6,12
Daniel Caesar,1,1
Phosphorescent,12,24
Moon Taxi,6,6
Wesley Willis,1,1
Bobby Bare Jr.,11,22
Broken Bells,5,5
Ice T,1,1
Lyle Lovett,1,1
Chance The Rapper,2,4
Sallie Ford & The Sound Outside,4,4
Dog World,1,1
Trae tha Truth,1,1
The Coup,5,5
Zak Waters,5,5
Aveo,4,4
"Point Juncture, WA",1,1
Jesse Sykes,2,2
3 Inches of Blood,1,1
Busman's Holiday,5,5
Justice and Busy P,1,1
Bodies of Water,1,1
Cowboy Junkies,1,1
The Love Language,12,12
Nive Nielsen,3,3
BOYO,1,1
Tim Kasher,8,16
The Holloys,1,1
Modern Vices,5,5
Dublin Guitar Quartet,1,1
Oscar,5,5
Brownout presents Brown Sabbath,1,1
Cody ChesnuTT,10,20
Reed Turchi,5,5
Wild Flag,2,4
Doe Eye,5,5
Pile,7,14
Father Figures,1,1
HRVRD,5,5
Zipper Club,1,1
Carlene Carter,1,1
Margo Price,7,14
Steve Chack,1,1
Film School,1,1
"HeadCat (Lemmy, Slim Jim Phantom & Danny B. Harvey)",1,1
Earl Sweatshirt & Syd Tha Kyd,1,1
Mali Music,1,1
Water Liars,5,5
Joan Shelley,1,1
The Bats,5,5
Chvrches,2,4
Fences,9,18
Title Tracks,5,5
Cold Specks,12,12
Lusine,5,5
Pillar Point,9,9
Yohuna,1,1
Petur Ben,1,1
Mirah,1,1
Ugly God,1,1
Tom Misch,1,1
Tennis,6,12
Hooray For Earth,1,1
Denney and the Jets,1,1
JC Brooks and the Uptown Sound,5,5
Passion Pit,10,20
Temporex,1,1
Circa Survive,3,3
Yann Tiersen,10,20
Joe Boyd,1,1
Nathaniel Rateliff & the Night Sweats,1,1
Booker T. Jones,1,1
Bushwick Bill,1,1
Grooms,1,1
Howlin' Brothers,7,7
Alessia Cara,1,1
Jane Bunnett and Maqueque,1,1
Vinny Vegas,6,6
Slow Magic - Even Though,1,1
Super Furry Animals,5,5
Edward Sharpe & the Magnetic Zeros,5,5
Meat Wave,5,5
East of My Youth,5,5
Hellogoodbye,5,5
Seun Kuti & Egypt 80,3,3
Henry Rollins,3,6
Bulldog Eyes,1,1
Tilbury,8,8
Honduras,5,5
Scale the Summit,3,3
Krist Novoselic,4,8
Drowners,5,5
Samúel Jón Samúelsson Big Band,5,5
Winter & Trabants,1,1
Sonic Avenues,5,5
Wheelchair Sports Camp,1,1
The Baseball Project,13,13
Let's Eat Grandma,5,5
Gang Related,6,6
Camarano,1,1
The Murder City Devils,5,5
TacocaT,3,3
The Dirty Pigeons,1,1
The Joy Formidable,15,30
The Pack A.D.,6,12
Júníus Meyvant,13,13
Julianna Barwick,5,5
Sons and Daughters,1,1
Weaves,6,12
Tommy Chong,1,1
Hot Chip,1,1
Beth Orton,1,1
Amrita,1,1
Grayskul,10,20
Sin Fang with Seattle Rock Orchestra Quintet,2,2
Widower,5,5
Devon Gilfillian,5,5
Railway Gamblers,5,5
Hippo Campus,5,5
The Polyphonic Spree,1,1
Mobb Deep,4,4
Elizabeth Cook,4,4
Flamingosis,1,1
Om,1,1
Ani DiFranco,1,1
Anna & Elizabeth,1,1
Tori Amos,1,1
The Greenhornes,4,4
The Young Wild,4,4
Matthew Caws,2,2
NADINE,2,2
Gerd Janson,1,1
Pro Teens,4,4
Con Brio,5,5
The Appleseed Collective,7,7
Snoop Lion,1,1
Tay Sean,5,5
Post Malone,1,1
Hunters,5,5
Talmud Beach,4,4
Family and Friends,5,5
Ólafur Arnalds,7,7
Three Man Cannon,5,5
The xx,11,22
Skelkur í bringu,7,7
Dan Auerbach (The Black Keys),1,1
Young and Dramatic,1,1
Bleeding Rainbow,12,12
Deafheaven,1,1
Trinidad James,1,1
Yeesh,6,6
Aaron Neville,5,5
Here We Go Magic,2,2
Hostage Calm,6,6
Soko,1,1
Gerald Collier,6,6
Anderson .Paak,1,1
Wild Cub,16,32
Winona Forever,2,2
So Pitted,5,5
NE-HI,5,5
Los Hacheros,1,1
Barry Adamson,4,4
Beck,1,1
Old Man Canyon,7,7
A Cedar Suede,5,5
Donwill (of Tanya Morgan),1,1
Kris Orlowski,5,5
Vetiver,5,5
Cheech Marin,1,1
Lemuria,5,5
Grant Lee Buffalo,1,1
Kacy & Clayton,6,6
Slow Magic,5,10
Fishbach,5,5
Lowly,1,1
Mariachi Flor De Toloache,1,1
Lotus,6,6
Munno,1,1
Kelley Stoltz,1,1
Chris Stapleton,1,1
Robyn,2,2
Amoeba Charity Auctions,1,1
Jane's Addiction,1,1
Mad Rad,5,5
Neko Case,1,1
Jaaska,1,1
Lee Fields & the Expressions,5,5
Emmett Kai,1,1
John Hodgman,1,1
Acid Mothers Temple,1,1
Rachael Yamagata,5,5
Chief Scout,1,1
Mourn,4,4
Dastardly,7,7
The Sheepdogs,5,5
Tunde Olaniran,5,5
Rapsody,1,1
Sigur Ros,1,1
Mall Walk,11,11
Red Baraat,10,20
The Dirtbombs,1,1
Holograms,5,5
Jonathan Bree,2,2
Muuy Biien,7,7
Real Estate,18,54
Rana Santacruz,1,1
Shook Twins,5,5
Bird Call,1,1
Lee Fields and the Expressions,5,5
David Wax Museum,10,30
The Rapture,1,1
Dinner and a Suit,5,5
Oddisee,1,1
Porches,12,24
Bela Tar,1,1
Dirty Three,1,1
Sons of Bill,5,5
Wake Island,5,5
KINS,5,5
Beach Day,5,5
Her's,1,1
Glenn Jones,1,1
A Place to Bury Strangers,7,7
Heaters,5,5
Tigers Jaw,1,1
Sharon Jones & The Dap-Kings,1,1
Kevin Devine and the Goddamn Band,5,5
Woods,11,11
The Easy Leaves,9,9
Skrillex,1,1
Shonen Knife,1,1
The MusicTapes,1,1
Wyclef Jean,2,4
Moji & The Midnight Sons,1,1
Prolly Knot,1,1
Migos,1,1
Tom Morello,1,1
Barcelona,5,5
Sløtface,6,6
Cibelle,3,3
SUÐ,8,8
Drake,2,2
Horseshoes & Hand Grenades,6,6
Vinnie Caruana,2,2
Koji,6,6
Veronica Falls,7,21
Hopsin,1,1
Ceci Bastida,1,1
Gepe,5,5
John Legend,1,1
Wooden Shjips,11,22
Nearly Oratorio,1,1
P.H.F.,1,1
Franz Ferdinand,3,3
Deltron 3030,11,22
Sia,1,1
Benjy Ferree,1,1
Kid Congo Powers and the Pink Monkey Birds,5,5
Milo Greene,10,20
Dillalude,7,7
Sierra Leone's Refugee All Stars,5,10
DJ Quik,1,1
Fanfarlo,13,39
Kristin Kontrol (Dum Dum Girls),1,1
Suzanne Santo,5,5
Tall Heights,10,10
Rayland Baxter,5,5
Badly Drawn Boy,4,4
Poor Moon,5,5
Goon,1,1
The So So Glos,5,5
Carlos Nino,1,1
Bess Rogers and Allison Weiss,1,1
Craft Spells,7,14
Foxygen,4,4
Capsize,5,5
Chris Brokaw,5,5
Band Called Catch,1,1
Death Cab For Cutie,2,4
Lee Ranaldo and the Dust,5,5
Us On Roofs,5,5
Lovely Bad Things,1,1
Little Simz,2,4
Grouper,2,2
And So I Watch You From Afar,8,8
Bonobo,10,20
Morning Teleportation,8,8
Benjamin Booker,11,33
White Lung,11,33
Miramar,1,1
Hollow Wood,4,4
Fitz and the Tantrums,12,24
Wrekmeister Harmonies,3,3
Ruby Haunt,3,3
Julia Massey & the Five Finger Discount,5,5
Yeasayer,7,7
Tomo Nakayama,8,8
People Under The Stairs,1,1
The Features,4,4
The Long Winters,6,6
Apex Manor,4,4
Young In The City,5,5
Senses Fail,5,5
Yoni & Geti,6,6
Straight White Teeth,1,1
Too Short,1,1
Moon Duo,22,22
Western Centuries,5,5
My Gold Mask,6,6
Benny Sings,1,1
Erik Phillips,1,1
Strawberry Heritage,4,4
Mistah F.A.B.,1,1
Broken Water,5,5
Beads,4,4
Tank And The Bangas,1,1
Father,1,1
BADBADNOTGOOD,3,9
Lisa Hannigan,1,1
Author,6,6
Son Volt,5,5
Sam Lee,1,1
Mika Miko,1,1
The Field Auxiliary,1,1
Typhoon,14,42
Lavender Diamond,5,5
Ballet School,5,5
Esperanza Spalding,3,6
Pillow Talk,5,5
Elephant Parade,1,1
TTNG,5,5
Alex Napping,6,6
Hop Along,8,16
Charles Lloyd & Jason Moran,1,1
Woody Guthrie Tribute,1,1
Filligar,5,5
The Courtneys,9,9
Waka Flocka Flame,1,1
James Tillman,6,6
Nathaniel Rateliff,4,4
The Rural Alberta Advantage,5,5
Mike McCready & Star Anna,4,4
Wooden Wand,1,1
Obvious Creature,1,1
Merchandise,9,9
Nora Jane Struthers,6,6
Cloakroom,4,4
Mark Ronson,1,1
Mike Love,5,5
Old Crow Medicine Show,4,4
Pond,10,10
Lake Street Dive,5,5
Sharon Van Etten,14,56
Una Bèstia Incontrolable,5,5
Jodie Landau & Valgeir Sigurðsson,2,2
Zen Mother,4,4
Yelle,6,12
The Rocketboys,5,5
Big Boi,1,1
Morning Parade,5,5
Donny McCaslin,1,1
Tim and Eric,1,1
White Denim,5,5
Julien Baker,6,18
Dude York,10,10
Stromae,6,12
Everest,2,2
Semicircle,5,5
Flesh World,6,6
Jody Stephens,1,1
Big K.R.I.T.,1,1
L.A. Witch,5,5
Fernando Jones and his Band,1,1
Tin Man,1,1
True Believers,9,9
Koda,2,2
Wilsen,1,1
People Under the Stairs,1,1
Chelsea Light Moving,10,10
René Marie,1,1
Penguin Cafe,1,1
Naive Thieves,6,6
Nick Thompson (Hit the Lights),2,2
Neil Hamburger,1,1
The Oh Hellos,7,14
Fistful of Mercy,5,5
Árstíðir,5,5
Tancred,6,6
Katie Kate,9,9
Jenny Lin,1,1
Mike WiLL Made-It,1,1
The Flaming Lips,1,1
Kælan mikla,5,5
Basement Revolver,6,12
Dreamdecay,5,5
Birds of Chicago,4,4
Joe Henry,6,12
Molly Burch,5,5
The Great American Canyon Band,4,4
The Klezmatics,1,1
Moon King & Natty G,4,4
Tara Jane O'Neil,1,1
El-P,1,1
Cheers Elephant,5,5
The Pinstripes,5,5
Nick Waterhouse,10,20
Warpaint,9,9
Royal Thunder,1,1
RuPaul,1,1
Nude Beach,5,5
Flea,1,1
The Dig,1,1
Fantasma (Brujeria),1,1
The Lonely Biscuits,6,6
Jessica Hernandez & The Deltas,5,5
Nudity,1,1
Rahzel,1,1
Grace Weber,6,6
Destroyer,5,5
London Grammar,4,4
Chelsea Wolfe,8,24
John Flansburgh (They Might Be Giants),1,1
Kanon Wakeshima,1,1
Jai Paul,1,1
De'Anza,1,1
Tigerwine,5,5
Grimes,8,32
LIGHTWASH,1,1
Lawrence Brownlee,1,1
Elliott BROOD,9,9
Pétur Ben,5,5
Duff Goldman,1,1
Saint Rich,8,8
Kelly Hogan,1,1
Akron Family,1,1
Boyo,1,1
The Obsessives,7,7
Buika,1,1
Brooke Annibale,6,6
The Fresh & Onlys,5,5
AAN,5,5
Until The Ribbon Breaks,6,12
Efterklang,1,1
Wildcat! Wildcat!,4,4
John Doe,18,36
She Devils,1,1
Run The Jewels,6,12
dj flugvél og geimskip,2,2
Fluffgirl Burlesque,1,1
Jah9,5,5
Veil of Maya,4,4
Sam Amidon,4,4
Wild Belle,1,1
Cat Power,1,1
Lesbian,1,1
Star Anna,11,11
Khaira Arby,1,1
Scuba,1,1
James Vincent McMorrow,6,12
Mariachi El Bronx,11,33
Lloyd Cole,5,5
Rex Orange County,1,1
Brick + Mortar,4,4
The Black Angels,16,32
Moon Tooth,5,5
East India Youth,5,5
Marc Ribot's Ceramic Dog,5,5
Pains of Being Pure at Heart,1,1
Dan Mangan,1,1
Buke And Gass,1,1
Neil Gaiman & Amanda Palmer,1,1
Dale Watson,6,6
Snail Mail,6,12
AMARA,4,4
Mother Falcon,2,4
"Jimmie ""JJ"" Walker",1,1
Joseph Messing and The Wise Men,1,1
Ben Howard,1,1
Waxwing,5,5
Panama Wedding,5,5
Future Monarchs,5,5
Sorority Noise,6,6
Wolfmother,1,1
Adam Faucett & the Tall Grass,5,5
Roses,5,5
Kaleo,5,5
Widowspeak,13,26
Ivory Waves,1,1
Sampha,6,12
Roforofo,7,7
Bossacucanova,6,6
Antonio Lizana,1,1
Souvenirs,6,6
Yellow Days,3,3
Frank Black,1,1
Frankie Cosmos,6,12
Torpoise,2,2
Caroline Smith,6,6
YesJulz,1,1
Vincent Moon,1,1
BOAT,9,9
Fanna-Fi-Allah Sufi Qawwali Ensemble,3,3
Fucked Up,1,1
Sóley,10,10
VV Brown,1,1
Flaco Jimenez,1,1
Noir Cœur,1,1
Remo Drive,5,5
The Extra Lens,1,1
Andrew Applepie,1,1
RDGLDGRN,1,1
Spencer.,1,1
Earl Sweatshirt & Samiyam,1,1
Baths,2,4
Flatbush Zombies,1,1
King Creosote And Jon Hopkins,1,1
Heather Maloney,6,6
Rainbow Kitten Surprise,6,6
Kevin Devine,6,12
Active Bird Community,5,5
Vic Mensa,1,1
Emmsjé Gauti,9,9
Jonti,1,1
Helena Deland,1,1
Flight of the Conchords,1,1
PWR BTTM,1,1
Late In The Playoffs,1,1
Mobley,6,6
The Deslondes,5,5
Quiet Company,5,5
Mitski,13,39
Damien Jurado,10,20
Amasa Hines,4,4
CELL7,8,8
Leon Bridges,1,1
Rose Quartz,1,1
Duff McKagan,1,1
Deadstring Brothers,4,4
The Lone Bellow,1,1
Julie Cool,1,1
Weird Al,2,2
Man Or Astro-Man?,5,5
Hazy Mountains,1,1
Hey Rosetta!,5,5
Matt Wilson's Christmas Tree-O,1,1
Blue Man Group,1,1
XXYYXX,1,1
Fight Bite,1,1
Sitcom,1,1
Hollis Brown,4,4
Trapper Schoepp,1,1
Hymnalaya,3,3
Jack and Eliza,1,1
The Wans,5,5
Lemonade,10,20
CASTLEBEAT,4,4
Alsarah & The Nubatones,1,1
Debo Band,6,6
Seattle Rock Orchestra Quintet with Sóley,1,1
Prince Whipper Whip,1,1
2 Chainz,1,1
Kid Cudi,1,1
Marlin's Dreaming,2,2
Deaf Wish,5,5
Helado Negro,10,20
ILoveMakonnen,1,1
Moonrise Nation,6,6
The Parlotones,1,1
Maps & Atlases,14,28
St. Paul de Vence,5,5
Marty Stuart and his Fabulous Superlatives,5,5
Pure Bathing Culture,13,39
Adam Torres,1,1
Ladysmith Black Mambazo,5,5
Shugo Tokumaru,5,5
Acoustic Africa featuring Habib Koite & Vusi Mahlasela,3,3
Jon Schnepp (Metalocalypse),1,1
Dinosaur Pile-Up,6,6
Firewater,5,5
BLOW,5,5
BEADS,1,1
Wovenhand,1,1
Avi Buffalo,11,22
Horse Feathers,2,4
Beach Slang,1,1
Hazel English,6,12
KIT,1,1
Crooked Fingers,5,5
Chris Forsyth & The Solar Motel Band,1,1
Yowler,7,14
Ralph Benmergui,1,1
Sam Amidon & Bill Frisell,1,1
Negative Gemini,2,2
Edmar Castaneda,1,1
Abe Vigoda,1,1
Radiation City,10,10
The Dodos,15,30
Eliot Fisk & Paco Peña,1,1
Cautious Clay,1,1
Sindri Már Sigfússon,1,1
Casual,2,2
Dreamers,4,4
Secret Space,5,5
Madchild,1,1
(Sandy) Alex G,9,18
Obits,5,5
Antibalas,5,10
The Notwist,2,2
Mykki Blanco,1,1
Nirvana,3,3
Day Joy,1,1
Yumi Zouma,2,2
Choir Vandals,5,5
Jim Ward,1,1
Blur,1,1
Fountains Of Wayne,1,1
Minus The Bear,5,5
Robin Guthrie,4,4
The Heavenly States,5,5
Christian Lee Hutson,5,5
Three Trapped Tigers,5,5
Yusuf/Cat Stevens,1,1
Mike Doughty,10,10
Spanish For 100,3,3
Mmoths,1,1
Brass Bed,1,1
Vieux Farka Toure,5,5
Kishi Bashi,23,69
Stripmall Architecture,4,4
Weekend,6,6
Vieux Farka Toure and Idan Raichel,1,1
Diesto,4,4
Ben Gibbard,1,1
The Cardboard Swords,6,6
Bomba Estereo,3,6
Heavy Trash,1,1
Neil Innes,1,1
Jon Treneff (Light in the Attic),1,1
Common At The White House,1,1
CSS,1,1
Jonathan Meiburg,5,5
Macklemore & Ryan Lewis,7,21
CYMBALS,6,6
Boss Hog,5,5
Dan Mangan + Blacksmith,5,5
whysowhite,3,3
Dum Dum Girls,9,9
The Jones Family Singers,5,5
King Gizzard & The Lizard Wizard,10,20
"Parks, Squares & Alleys",1,1
Flower Face,1,1
Ivadell,7,7
Notwist & Odd Nosdam,1,1
Red Wanting Blue,7,7
Sóley,9,9
STRFKR,10,20
Small Houses,5,5
Trad.Attack!,5,5
Fred Thomas,1,1
Saviours,1,1
Conor Oberst,12,36
Joe Boyd And Robin Hitchcock,1,1
Milagres,5,5
Dungen,8,16
The Sumner Brothers,5,5
Middle Class Rut,5,5
Mako and Munjuru,5,5
Waterstreet,1,1
The White Stripes,1,1
Asobi Seksu,4,4
STAG,4,4
Ohmme,5,5
Baptists,6,6
Liz Vice,5,5
White Fence,1,1
Peter Hook (Joy Division),1,1
TV Girl,1,1
Star Anna & The Laughing Dogs,5,5
Anthrax,1,1
Sidewalk Chalk,1,1
You Me At Six,5,5
Eef Barzelay of Clem Snide,1,1
Hemmingbirds,1,1
Pontiak,9,9
Mos Def,1,1
MC Supernatural,1,1
Degrassi Kids,1,1
The Good Weird,2,2
Dave Grohl,1,1
The Pines,5,5
Francisco the Man,1,1
Elvira,1,1
Open Air Stereo,4,4
Cub Sport,10,10
Lee Scratch Perry & Subatomic Sound System,1,1
The Prettiots,1,1
Marriages,4,4
Małe Miasta,7,7
Vinyl Williams,5,5
Amoeba Music Berkeley,1,1
Woodkid,1,1
Jaimeo Brown Transcendence,4,4
Michael Moore,1,1
Riverboat Gamblers,1,1
Mood Rings,1,1
Trash Talk,1,1
Ballake Sissoko And Vincent Segal,1,1
Vanilla Ice,1,1
Martha Wainwright,1,1
Viet Cong,4,4
Barrence Whitfield & The Savages,7,7
John Roderick,2,2
La Luz,17,17
The Moth & the Flame,7,7
Deastro,1,1
Destiny's Child,1,1
Giant Panda Guerilla Dub Squad,7,7
Pennywise,1,1
Jakubi,6,6
White Reaper,10,20
Pétur Ben & Eberg,2,2
Desiigner,1,1
Bon Accord,1,1
Empires,10,10
Gliss,7,7
Motorhead,1,1
Steve Kimock,1,1
Youryoungbody,5,5
Nite Jewel,7,21
Sallie Ford and the Sound Outside,10,10
Joan Shelley with Nathan Salsburg,5,5
Midnight Faces,5,5
The Album Leaf,4,4
Amoeba Music Hollywood,1,1
Band Of Horses,6,12
David Quon (of We Barbarians),1,1
The Bears of Blue River,1,1
Hem,1,1
Charles Bradley and his Extraordinaires,6,6
Cults,9,36
Evening Bell,5,5
Lo Tom,5,5
The Juliana Hatfield Three,5,5
The Black Keys,1,1
CHON,8,8
Alex Winter,1,1
The Nile Project,5,5
Muck,6,6
Solids,4,4
Los Fabulosos Cadillacs,1,1
Polaris,6,6
Mas Ysa,5,5
Cam'Ron,1,1
Thank You Scientist,4,4
Ken Stringfellow,2,2
Mow,1,1
Shovels & Rope,15,30
Major League,5,5
Boogie Trouble,10,10
Palehound,8,24
Reggie Watts,1,1
The Hold Steady,5,5
Tallest Man on Earth,1,1
Taylar Elizza Beth,5,5
J Fernandez,7,7
Tyler Burkhart,1,1
Stafrænn Hákon,1,1
Dad Rocks,1,1
Flying Lotus,1,1
The Main Squeeze,5,5
Stewart Copeland,1,1
M.A.K.U Soundsystem,1,1
Band of Horses,1,1
Tommy Stinson,1,1
Marisa Anderson,1,1
Albert Hammond Jr.,6,6
"The Artists From The ""Take Me to the River"" Tour",1,1
Iska Dhaaf,14,28
Algiers,10,20
Moby,5,15
Boy Pablo,1,1
Carbon Tigers,5,5
Danish String Quartet,1,1
Cousin Kula,1,1
Julian Charles,1,1
Ice Cube,1,1
Robert Cray,1,1
Trey Anastasio,1,1
The Barr Brothers,22,22
Panos Cosmatos,1,1
Halsey,1,1
Jadu Heart,1,1
Daby Touré,5,5
Caspar Babypants,5,5
The Tallest Man on Earth,11,11
Volcano Choir,1,1
Charli XCX,1,1
Mynabirds,1,1
Bad Rabbits,5,5
The Dear Hunter,5,5
Jackstraw,2,2
Kamasi Washington,4,8
Chad VanGaalen,5,5
Nosaj Thing,1,1
The Lonely Island,2,2
Catfish and the Bottlemen,1,1
Dropkick Murphys,1,1
The Cranberries,1,1
Birds Of Chicago,2,2
Blaenavon,9,9
Keenan O'Meara,6,6
AJ Davila y Terror Amor,5,5
Fatlip and Slimkid3,1,1
Aaron Lee Tasjan,3,3
Dog Bite,1,1
Lost Bayou Ramblers,5,5
Aldous RH,1,1
Dilly Dally,5,5
Dinosaur Jr.,11,22
Ralph Stanley,1,1
Elvis Costello,1,1
Sneaks,1,1
E-40,1,1
Mikal Cronin,9,9
Sunn O))),1,1
Afrika Bambaataa,2,4
Cymbals Eat Guitars,14,14
Childhood,1,1
Kobo Town,5,5
Pavo Pavo,1,1
Ben Kweller,2,2
Turtle Island Quartet,1,1
Tera Melos,7,14
Ron Gallo,6,6
Mndsgn,1,1
Justice,1,1
Spoon,17,34
Twist,1,1
Kool Keith,1,1
Winter,5,5
Boots Riley (The Coup),1,1
Quilt,15,30
Francis Lung,1,1
Painted Palms,14,28
Pela,2,2
Mellow Fellow & Clairo,1,1
Andrew W.K.,1,1
My Morning Jacket,1,1
The Decemberists,2,4
Joshua Powell & the Great Train Robbery,4,4
Brent Amaker and the Rodeo,5,5
Ringo Deathstarr,8,8
Mr. Mf'n eXquire,1,1
Girl In A Coma,3,6
Marshall Crenshaw,1,1
Lisa Prank,5,5
Sisyphus,1,1
Zoé,1,1
Esmé Patterson,6,6
"He's My Brother,  She's My Sister",1,1
Dillon Francis,1,1
Death on Two Wheels,6,6
Someone Still Loves You Boris Yeltsin,5,5
Lee Fields & The Expressions,5,5
Crystal Antlers,10,20
Yasmine Hamdan,1,1
Dawn and Hawkes,5,5
"Chad ""Ochocinco"" Johnson",1,1
Love Inks,1,1
Chris Staples,12,24
Quiet Life,5,5
Gemma Ray,1,1
Bayonne,1,1
The Soft Pack,6,12
You Me & Apollo,5,5
Eliot Sumner,1,1
Rachele Eve,1,1
DJ Qbert,1,1
Sturla Atlas,6,6
The Mountain Goats,5,5
The Lumineers,20,20
Steve Earle,19,57
Pixies,6,12
Vesuvio Solo,1,1
James Deen,1,1
DJ Premier,1,1
Battleme,9,9
Covet,5,5
River Giant,4,4
Halldór Eldjárn,5,5
Active Child,9,9
Mustard Gas and Roses,1,1
DJ Patrick (M.A.N.D.Y.),1,1
John Paul White,1,1
Citizen,5,5
JoyCut,4,4
Ásgeir Trausti,5,5
Heyrocco,7,7
Pink Skies,1,1
She-Devils,4,4
Massimo Mikelli,2,2
Warren Haynes,1,1
Ben Lee,1,1
Guy Pinhas (The Obsessed/Goatsnake),1,1
Highasakite,2,4
Little Boots,2,4
DARKSIDE,3,3
Hudson Mohawke,1,1
Spiral Stairs,5,5
Of Montreal,1,1
The Ivorys,1,1
Baskery,5,5
Joshua Roman,1,1
Gerald Ford,1,1
Mohammad Reza Shajarian,1,1
Thao Nguyen,1,1
Hanni El Khatib,10,20
The Middle East,4,4
Courtney Barnett and Kurt Vile,1,1
Blis.,5,5
Company Of Thieves,2,2
Shy Girls,5,5
And The Kids,6,12
Nellie McKay,1,1
Belle and Sebastian,1,1
Encrust,6,6
Kristen Schaal and Kurt Braunohler,1,1
Lawrence,5,5
Slumbers,1,1
Little Dragon,3,6
Parquet Courts,21,63
SsingSsing,1,1
Bombay Bicycle Club,5,5
Frank Turner,3,6
Dream Koala,1,1
L'Imperatrice,1,1
Indigo Wild,5,5
WU LYF,5,5
Orchid Mantis,1,1
The Juan MacLean,1,1
Tory Lanez,1,1
Cuco,1,1
Beat Connection,13,13
The Bright White,1,1
Lindsay Fuller,5,5
Toro Y Moi,2,4
Blitzen Trapper,4,8
Snorri Helgason,10,10
The David Mayfield Parade,5,5
Young Hines,5,5
Thurston Moore,5,5
Aesop Rock,1,1
Antrim Dells,4,4
Ghost,2,2
Salad Boys,6,6
Mexican Institute of Sound,1,1
Nails,1,1
Tattoo Money,4,4
Operators,14,14
Kevin Murphy (of The Moondoggies),5,5
Zach Heckendorf,5,5
The Both,8,16
Frikstailers,3,3
Vox Mod,5,5
Jody Stephens (Big Star),1,1
Doe Paoro,5,5
Alessio Bax,1,1
ProbCause,6,6
Von Sell,1,1
Guthrie Brown,6,6
Chromeo,1,1
The World Is A Beautiful Place,4,4
RNDM,5,5
Julie Doiron,1,1
Failure,5,5
Lower Dens,8,24
Teen Ravine,1,1
Natalie Merchant,1,1
Killer Mike,2,4
Yolanda Kondonassis,1,1
Chad Valley,8,8
Kingdom Crumbs,10,10
OU,5,5
CANT,5,5
Evidence & Alchemist,1,1
Ibeyi,6,12
Oso Oso,6,6
Raging Fyah,5,5
PUJOL,5,5
Flea & Amy-Jo Albany,1,1
The Redwood Plan,5,5
Gringo Star,5,5
Jamila Woods,5,5
Wild Nothing,15,30
Toy Soldiers,4,4
Tiffany Wilson,5,5
Single Mothers,5,5
Christopher Paul Stelling,1,1
Canadian Brass,1,1
Gary Clark Jr.,8,8
Tess Roby,1,1
Meschiya Lake and The Little Big Horns,5,5
Vinyl Care 101,1,1
Christopher the Conquered,5,5
Vaginaboys,4,4
Charms,9,9
David Bazan,21,21
múm,4,4
Kim Lenz,1,1
Margaret Cho,1,1
The Acid,5,5
Travi$ Scott,1,1
Quetzal,1,1
Archie Powell and the Exports,1,1
PUP,6,6
The Dum Dum Girls,1,1
Django Django,9,18
Wallpaper,1,1
Nathan Xander and Witchouse,1,1
N.E.R.D,1,1
Stef Chura,8,8
Murs,2,2
Tiny Vipers,1,1
Thee Oh Sees,13,26
GRMLN,1,1
Alex from Franz Ferdinand vs. The Cribs pt. 1,1,1
Anthony Fantano,2,4
Peter Matthew Bauer,5,5
Pip Blom,1,1
Lil Wayne,1,1
Thee Commons,7,7
Tourist Dollars,1,1
s / s / s,1,1
Ben Sollee and Daniel Martin,1,1
Sand Circles,3,3
AIR,1,1
John Reilly & Friends,1,1
Jay Bentley (Bad Religion),1,1
Valley Queen,6,12
Acid Dad,5,5
My bubba,15,15
Black Eyed Peas,1,1
Christine Salem,1,1
dj. flugvél og geimskip,4,4
Still Corners,6,12
NAO,5,5
Lydia Lunch,1,1
The Holmes Brothers,1,1
Cheap Girls,7,7
Joywave,6,6
Futo,1,1
Houndstooth,4,4
Stag,13,13
The Love Witch (Jennifer Ingrum & Samantha Robinson),1,1
Big Thief,7,21
Michael Rapaport and Peanut Butter Wolf,1,1
Wye Oak,12,12
Sotomayor,5,5
Stove,1,1
Wilco,14,28
Gene Simmons,1,1
Mutts,13,13
Priests,5,5
Peter Frampton,1,1
Yuck,10,10
Northpilot,1,1
Cursive,3,6
SUSTO,6,6
Mike  Schank,1,1
Alt-J (∆),1,1
Exhibitionist,1,1
MIlagres,1,1
The Giving Tree Band,7,7
Tamaryn,11,11
Bloodgroup,1,1
Anti-pop Consortium,2,2
Supergrass,1,1
Strange Ranger,9,18
Ravenna Wood,1,1
Miguel,3,6
Kehlani,1,1
WATERS,6,6
The Maldives,18,18
Laura Veirs,11,11
Curren$y Pt. 2,1,1
Blush,1,1
Jeff The Brotherhood,5,5
Allah-Las,19,38
Rainer Maria,5,5
Arkomo,5,5
Allison Crutchfield,6,6
Deradoorian,5,5
Le Couleur,1,1
The Green Children,1,1
Andy Milonakis,1,1
Hańba!,1,1
Charlie Siem,1,1
Sleepy Eyes of Death,4,4
Regina Spektor,6,6
The Cave Singers,21,21
Wu Man,1,1
I the Mighty,5,5
Superorganism,2,2
St. Paul And The Broken Bones,1,1
Arkells,5,5
Sun Airway,5,10
Sam Herring (Future Islands),1,1
Iron & Wine,16,16
Casey Veggies,1,1
Bass Drum Of Death,5,5
Club Kuru,3,3
Pup,5,5
Tall Tall Trees,5,5
Leggy,6,6
Francobollo,1,1
Sam Goodwill,6,6
Amanda Shires,1,1
Ra Ra Riot,10,10
PARTYNEXTDOOR,1,1
Mac DeMarco,26,104
Falon Sierra,2,2
The Helio Sequence,16,16
CLASSIXX,5,5
J-Boogie,1,1
Exit Someone,1,1
Olof Arnalds,1,1
"Oliver ""Tuku"" Mtukudzi",1,1
Battles,1,1
Matisyahu,2,4
Bane's World,2,2
Killer Ghost,5,5
Champagne Champagne,1,1
Foxing,11,11
The Walkmen,16,32
Sports Coach,1,1
Curren$y,2,2
Odd Future,1,1
Pete Molinari,5,5
Shinyribs,7,7
Mellow Fellow & Floor Cry,1,1
MellowHype,1,1
Moderat,5,5
Helvetia,1,1
Redd Kross,19,38
Small Forward,1,1
Maren Morris,1,1
Macklemore and Ryan Lewis,4,4
The O'My's,12,12
Mac McCaughan + The Non-Believers,5,5
Acapulco Lips,5,5
Camp Howard,6,12
Christian Besa Wright,1,1
Ojba Rasta,6,6
Modern Baseball,1,1
Jello Biafra & The Melvins,1,1
Desert Mountain Tribe,5,5
Marty Willson-Piper (The Church),1,1
School Of Seven Bells,1,1
Sera Cahoone,17,34
Peter Björn and John,1,1
Laura Mvula,1,1
Gerald Casale (DEVO),1,1
Carrie Rodriguez,1,1
Cantus,1,1
Local Natives,20,80
Youth Avoiders,3,3
Shayde Sartin,1,1
JFDR,10,10
Blind Boys of Alabama,10,20
Brian Fallon,1,1
J Mascis,6,18
NeW bEAt FUNd,6,6
GOASTT (Sean Lennon & Charlotte Kemp Muhl),1,1
Oxford & Co. (Acoustic Set),5,5
Yo Gotti,1,1
Dialects,4,4
The Humble,5,5
PHOX,5,5
Richard Buckner,5,5
Pinky (Hot Package & TV Carnage),1,1
The Photographers,5,5
Rob Garza (Thievery Corporation),1,1
Dessa,16,48
The Hives,9,18
At The Drive-In (Cedric Bixler-Zavala),1,1
keshi,1,1
The Strokes,4,4
Frances Luke Accord,6,6
Tim Heidecker & Jonathan Rado (Foxygen),1,1
Joshua Mogck,1,1
Chain of Flowers,11,22
Laura Groves,1,1
Helms Alee,10,20
The Menahan Street Band,2,2
Pokey LaFarge & the South City Three,5,5
Baywitch,5,5
Hurray for the Riff Raff,5,5
FM Belfast,13,13
Rogue Wave,5,5
Sonny & The Sunsets,10,10
Vaadat Charigim,5,5
Visqueen,5,5
Adolescents,1,1
The Blasters,4,4
Men I Trust,6,6
Dej Loaf,1,1
Kathy Griffin & Lily Tomlin,1,1
Alberta Cross,2,4
Ex Cops,5,5
Ripe,5,5
Faye Webster,1,1
Takoma Guitar Masters,5,5
Peter Tork,1,1
Sam Phillips,1,1
Jay-Z,1,1
Jacco Gardner,5,5
Wake Owl,5,5
Kippi Kaninus,6,6
Alex G,4,4
Janelle Monae,1,1
Power Trip,1,1
Joe Begos & Josh Ethier,1,1
Emma Ruth Rundle,5,5
Speculator,1,1
Chuck E. Weiss,1,1
Despot,1,1
HOLLY,5,5
Joyce Manor,1,1
DJ Spinna,1,1
Anthony Green,6,6
The New Pornographers,9,9
James Gunn,1,1
James Brown,1,1
Stephen Colbert,1,1
Belong,1,1
S.H.Draumur,1,1
Future Islands,13,39
BEAK,2,2
Agent Ribbons,1,1
Mammút,16,16
Trophy Dad,1,1
Generationals,10,20
M.A.K.U SoundSystem,4,4
Matt Andersen,5,5
Wendy & Lisa,1,1
Grant Olsen,6,6
Daniel Johnston,2,4
Rilo Kiley,1,1
Tessa Virtue & Scott Moir,1,1
Alice Boman,5,5
Between the Buried and Me,1,1
Givers,1,1
Shamir,6,12
Pleather,5,5
Wishbeard,5,5
Matt Pinfield,1,1
Karriem Riggins and J Rocc,1,1
Mac Miller,1,1
Rufus Wainwright,1,1
Sports,3,3
The Wedding Present,19,19
Tacos!,5,5
Mew,12,12
Joanna Newsom,1,1
Miles Benjamin Anthony Robinson,1,1
Defeater,5,5
Tacocat,9,9
Ellie Goulding,2,2
Weyes Blood,6,12
Lotus Plaza,1,1
Mirel Wagner,5,5
Giorgio Moroder,1,1
The Comettes,5,5
Aminé,1,1
Sudden Weather Change,5,5
The Lighthouse and the Whaler,14,28
!!! (chk chk chk),6,6
Mayer Hawthorne,1,1
Manchester Orchestra,3,3
tUnE-yArDs,10,20
The Both (Ted Leo & Aimee Mann),1,1
Elijah Wood vs. Franka Potente,1,1
Lydia Loveless,5,10
Nicola Benedetti,1,1
Open Air Studio,1,1
Todd Albright,5,5
The Sonics,14,28
Sune Rose Wagner (The Raveonettes),1,1
Lucy Dacus,12,48
Colin Meloy,4,4
Twerps,5,5
Jazzy Jeff and Z-Trip,1,1
The Westerlies,1,1
The Wild Reeds,12,48
Broadcast,1,1
Nas,1,1
Theoretics,5,5
Gucci Mane,1,1
Andrea von Kampen,7,7
The Donnas,1,1
Made Violent,5,5
The Phenomenal Handclap Band,1,1
Juicy J,1,1
Jay Reatard,2,4
Golden Gardens,9,9
Beach House,4,4
Meklit,6,6
Federation X,1,1
Melkbelly,4,4
VÉRITÉ,6,6
Syd,1,1
SheLovesMeechie,1,1
Monica LaPlante,6,6
Keeps,5,5
Kiriyama Family,3,3
Dr. Dog,17,51
Dead Bars,8,8
Hovvdy,9,18
Watkins Family Hour,1,1
Deleted Scenes,6,6
Stagnant Pools,5,5
Nightmare Fortress,5,5
Oberhofer,9,9
The Grizzled Mighty,9,9
Rye Rye,1,1
Infinity Girl,1,1
Le Mystere des Voix Bulgares,11,11
The Dig (Session #2),5,5
Yautja,8,8
Ben Watt,1,1
Pentagram,1,1
Eddie Richards and Steve Bug,1,1
CALLmeKAT,1,1
M83,1,1
Dawg Yawp,1,1
Foreign Fields,6,6
Caleb Klauder & Cahalen Morrison,5,5
Nor'easter,1,1
Craig Finn & The Uptown Controllers,5,5
Nothing,13,39
Chouette,5,5
Shaprece,5,5
Sapphire Slows,2,2
Princess,5,5
Mike B,1,1
Ben Hunter & Joe Seamons,6,6
Peter Silberman,1,1
Micky Dolenz,1,1
Two Cow Garage,5,5
Cock and Swan,5,5
Work Drugs,1,1
THUMPERS,5,5
Francisco The Man,5,5
Bomba Estéreo,13,13
Survay Says!,5,5
Daniel Rossen,5,5
King Tuff,6,12
Tracy Silverman,1,1
Keirnan McMullan,1,1
"Tomo Nakayama, Grant Olsen & Sera Cahoone",1,1
Anna Burch,1,1
Trevor Dunn,1,1
School of Seven Bells,5,15
Crystal Stilts,11,11
Buddy Miller & Jim Lauderdale,1,1
Tropic Harbour,1,1
Atlas Genius,1,1
You'll Never Get To Heaven,3,3
Wild Party,4,4
Myd,1,1
Noam Pikelny,1,1
Thomas Lennon and Ben Garant,1,1
Youngblood Hawke,5,5
Lizzo,9,18
Reykjavik!,2,2
Dan Croll,1,1
Gang Of Youths,3,3
Rosanna Arquette,1,1
Serial Hawk,3,3
Paramore,2,4
Jay Ferguson (Sloan),1,1
Rudresh Mahanthappa,1,1
Theresa Andersson,1,1
Funktion,1,1
Gilligan,1,1
Sexy Zebras,6,6
Weed,5,5
Paradise Fears,5,5
Emil Landman,7,7
Seattle Rock Orchestra Quintet with Tamara Power-Drutis,1,1
Topaz Gang,1,1
Bear vs.  Shark,6,6
The Weeks,4,4
Ziggy Marley,5,5
Ryley Walker,9,9
The Orwells,14,42
Snowmine,4,4
Erik Blood,12,12
David Schelzel of The Ocean Blue,4,4
This Providence,5,5
Machine Gun Kelly,1,1
Maya Beiser,1,1
Brian Bonz & the Dot Hongs,1,1
Tomorrows Bad Seeds,8,8
Pomegranates,1,1
Pink $ock,1,1
New Madrid,4,4
Ozomatli,8,8
Ned Flanders band Okilly Dokilly,1,1
Orphic Oxtra,3,3
The Range,1,1
Dan Hardy,1,1
Duffy,1,1
Indians,5,5
Sólstafir,1,1
Sonic Youth,3,3
Genevieve,8,16
Lakou Mizik,5,5
The Drums,18,54
Allah Las,1,1
Sam Beam & Jesca Hoop,1,1
Andrew WK,1,1
Jye,2,2
ALA.NI,1,1
Cascadia '10,5,5
Matthew E. White,5,5
Kon & Amir,1,1
Caspian,17,34
Andrew Bird,13,39
Damon,1,1
Napster Vertigo,6,6
Joy Again,2,2
Peaer,7,7
Asaf Avidan,1,1
VUM,1,1
Whiskey Shivers,5,5
Soweto Gospel Choir,1,1
A Lull,7,7
The Stone Foxes,5,5
Polyrhythmics,16,16
Bio Ritmo,1,1
Mark Lanegan,5,5
Gallant,1,1
Holly Macve,1,1
John Cooper Clarke,1,1
Johnnyswim,1,1
Joliette,4,4
VHS Logos,1,1
Kasey Anderson and the Honkies,5,5
Zammuto,6,6
Prism Tats,5,5
Car Seat Headrest,18,72
A Gap Between,1,1
Cina Polada,1,1
Galactic & Macy Gray,4,4
Aero Flynn,4,4
The Dig (Session #3),4,4
Mugison,8,8
Smokey Brights,13,13
Amy Ray,1,1
Scott Spaulding,1,1
Braids,7,14
A Sunny Day in Glasgow,1,1
Exotic Animal Petting Zoo,8,8
Dan Croll G+ Hangout on Air Q&A,1,1
Perfect Pussy,1,1
EDJ,8,8
Unknown Mortal Orchestra,15,30
Sam Cassidy,6,6
The Wild Family,5,5
Foreign/National,1,1
PINS,5,5
The Sounds,1,1
Raquel Sofia,1,1
salvia palth,1,1
Subtitle,1,1
Animal Flag,4,4
The Ettes,5,5
HAM,9,9
Midlake,5,5
The Marías,2,2
Walkie Talkie,1,1
Koji & Brian Marquis,1,1
The Bots,1,1
Fat Freddy's Drop,1,1
Marketa Irglova,1,1
So Percussion,1,1
The Ridges,1,1
Hospital Ships,1,1
Gazebos,5,5
The Bilinda Butchers,1,1
Sebadoh,6,6
Fol Chen,4,4
Kiernan McMullan,5,5
Triumph Of Lethargy Skinned Alive To Death,3,3
Reykjavíkurdætur,7,7
Class Actress,1,1
Michael Shannon,1,1
Salt Petal,5,5
Black Lips,9,9
Sun Club,13,26
Darlingside,5,5
Pistolera,1,1
Chancellor Warhol,6,6
Eulogies,1,1
Enemies,4,4
Night Things,1,1
YACHT,2,4
The Lonely Wild,5,5
Junip,8,8
The Nicholas,1,1
Marika Hackman,4,8
Jared & The Mill,5,5
Jon Montgomery,1,1
Mark Rose,1,1
Gregg Araki,1,1
Leftöver Crack,1,1
Pale Honey,1,1
Swell Season,1,1
John Maus,3,3
Pickwick,14,14
Lost In The Trees,1,1
Joan Soriano,1,1
Nickel Creek,1,1
Kane Strang,2,2
The Magnetic Fields,1,1
ZAZA,4,4
LAKE RADIO,1,1
Amanda Palmer,1,1
Bradford Cox,1,1
Brittle Brian,1,1
Shampoo,1,1
Dave Douglas Brass Ecstasy,1,1
Star & Micey,6,6
ГШ (Glintshake),5,5
Gloria Trevi,1,1
Marissa Nadler,9,9
Friendly Fires,1,1
Frances Cone,1,1
The Afghan Whigs,9,9
The Luyas,5,5
Rubblebucket,12,36
Old Light,11,11
El Vy,5,5
Gunplay,1,1
Alex Winston,1,1
Grave Babies,5,5
Graveyard Club,6,6
"He's My Brother, She's My Sister",6,6
Cemeteries,2,2
Herbie Hancock,1,1
Greylag,5,5
Joel Isaac Black,1,1
Rozwell Kid,5,5
Sebastian Bach,1,1
Addaura,3,3
Shya,1,1
Adam Green,1,1
T-Rextasy,8,8
Grieves & Budo,3,3
Milano,1,1
A-Trak,1,1
Opeth,1,1
Thieving Irons,3,3
Frazey Ford,9,9
KRS-One,2,2
Arturo O'Farrill,1,1
Jill Andrews,4,4
Deep Sea Diver,13,13
No Age,8,24
Miles Nielsen & The Rusted Hearts,6,6
The Soft Moon,8,8
Wilson,5,5
Tom Jones,1,1
Gary Calamar,1,1
Rise Against,1,1
Mothers,5,10
Holly Miranda & Kyp Malone,1,1
Amoeba Music San Francisco,1,1
Son Lux,1,1
Mokoomba,4,4
All Get Out,5,5
Börn,7,7
Dick Dale,6,6
Don't Talk To The Cops,2,2
Thaddeus David,5,5
Marc Maron,1,1
Bellows,8,16
Chris Kasper,1,1
Cuddle Magic,6,6
Deap Vally,7,14
Singapore Sling,8,8
Pkew Pkew Pkew,4,4
Barna Howard,5,5
Maëlle Ricker,1,1
Baked,5,5
Boxed In,5,5
High Bloom,1,1
Rogue Valley,6,6
ChocQuibTown,1,1
Everything is Terrible!,1,1
Bob Odenkirk,1,1
Juce,1,1
Alex from Franz Ferdinand vs. The Cribs pt. 2,1,1
Rokia Traoré,4,4
Hazing,1,1
William Shatner,1,1
Juliette Lewis,1,1
Thomas Erak ft. CHON,1,1
Atmosphere,5,5
Aoife O'Donovan,1,1
Lili K.,4,4
Aqueduct,6,6
Inner Wave,2,2
Kelsey Waldon,6,6
Andy Stott,1,1
Josh Ritter,4,8
Hilary Hahn,1,1
Bali Girls,5,5
We Were Promised Jetpacks,8,16
Anonymous 4 With Bruce Molsky,1,1
Frank Fairfield,6,18
Triumph of Lethargy Skinned Alive To Death,1,1
Elvis Perkins,5,5
The Blakes,4,4
Mega Bog,5,5
Higgins Waterproof Black Magic Band,1,1
Kimono,8,8
Keaton Henson,2,4
Ghostland Observatory,3,3
Atlas Sound,1,1
Hotels,7,7
Sol,5,5
Black Kids,1,1
Odesza,1,1
Black Prairie,10,20
Mustard Service,1,1
Puffernutter,1,1
Glass Animals,4,4
Wardell,1,1
L.A. Salami,1,1
PigPen Theatre Co.,5,5
Trade Wind,7,7
California Wives,4,4
Mount Kimbie,9,36
Howler,6,6
Regina Carter,1,1
Jim White,7,21
Diet Cig,6,12
North Twin,4,4
Coals,8,8
Gogol Bordello,8,8
Dyan,2,2
Andy Shauf,1,1
This Century,5,5
Gaelynn Lea,1,1
Tall Walker,4,4
P.M. Buys,6,6
Avi Avital,1,1
The National,7,21
Chuck Prophet,15,15
Ski Lodge,13,26
Gyptian,1,1
The Dove & The Wolf,5,5
Dam-Funk,1,1
Chastity Belt,15,30
Peter Murphy (Bauhaus),1,1
K Flay,5,5
Acoustic Africa featuring Vusi Mahlasela,1,1
Robyn Hitchcock,12,24
The Physics,5,5
Ghost Loft,1,1
Absolute Monarchs,6,6
Ariel Pink,8,24
Happyness,13,26
Cross Record,1,1
Ian Sweet,1,1
Ásgeir,1,1
Wild Ones,3,3
The La De Les,6,6
Colleen,5,5
Jason Isbell,5,5
Hibou,4,4
"Despot, Mr. Mf'n eXquire, Killer Mike and El-P",1,1
Danny Newcomb and the Sugarmakers,5,5
Sam Lachow,5,5
Laurel Halo,2,4
Motion City Soundtrack,1,1
King Woman,4,4
Thomas Fehlmann (The Orb),1,1
Cattle Decapitation,1,1
Paul Shirley,1,1
Taylor Phelan,6,6
Kronos Quartet,1,1
Candidt,2,2
Hollerado,4,4
Tuxedo,2,4
Vök,14,14
Desert Noises (Session #2),7,7
Superchunk,10,30
Mucca Pazza,1,1
Xenia Rubinos,12,36
Arc & Stones,4,4
Javiera Mena,5,5
Rust Belt Lights,6,6
Phebe Starr,5,5
The Jon Spencer Blues Explosion,1,1
The Bottle Rockets,11,22
Melvins,2,2
Yva Las Vegass,1,1
DJ Philip (M.A.N.D.Y.),1,1
CocoRosie,4,8
Christian Scott aTunde Adjuah,1,1
Starfucker,5,5
Epic Meal Time,1,1
Blonde Redhead,1,1
Grisalappalisa,5,5
Helmet,5,5
Laura Marling,10,20
Frankie Rose,1,1
Prom Queen,5,5
Bobby Long,14,14
Choir of Young Believers,8,8
Weatherbox,6,6
Joss Stone,1,1
Keep Shelly In Athens,5,5
Kekuhi and Kaumakiawa Kanaka'ole,1,1
Still Woozy,3,3
Ghostigital,7,7
The Tallest Man On Earth,8,16
Beth Ditto,1,1
Kimya Dawson,2,2
Peanut Butter Wolf,1,1
Alabama Shakes,5,5
Ed Sheeran,1,1
Steve Lacy,1,1
Grieves,9,18
Criminal Code,5,5
Fujiya and Miyagi,1,1
Bill Plympton,1,1
Com Truise,1,1
Graham Colton,5,5
Hodera,5,5
Douglas Dare,1,1
1991,1,1
Puma Blue,2,2
Arga Bileg,5,5
Waxahatchee & Allison Crutchfield,1,1
Faith Healer,5,5
Gabriel Garzón-Montano,1,1
Paper Thick Walls,1,1
The Mynabirds,10,20
Western Walk,1,1
The Revelers,5,5
Ernest Ranglin,1,1
Anais Mitchell,1,1
Jadu Heart & Mura Masa,1,1
Rosa Díaz,1,1
Common,2,4
Ned Lerner,1,1
Joyce El Khoury and Brian Jagde,1,1
River Tiber,1,1
Eric Burdon,1,1
Grant-Lee Phillips,9,9
The Civil Wars,2,4
Mr. Scruff,1,1
Be Forest,5,5
Violents & Monica Martin,1,1
Reva Devito,5,5
Fog Lake,6,6
EL-P,1,1
Poliça,5,5
White Lies,2,2
Willis Earl Beal,1,1
Company of Thieves,8,8
Raleigh Ritchie,1,1
The Babies,5,5
Rodrigo Amarante,6,12
Antony Ablan,1,1
Western Medicine,5,5
The Roots,4,4
Eleanor Friedberger,14,14
Thunder Dreamer,6,6
Rockwell Powers x DJ Phinisey,5,5
Macy Gray,1,1
GusGus,11,11
The Dears,6,6
Soccer Mommy,7,14
Jeremy Enigk,11,11
Dean Blunt,1,1
Jonathan Wilson,10,10
Man Man,6,12
Gary Panter & Devin Flynn,1,1
Kim Logan,4,4
Constant Lovers,5,5
Leticia Rodriguez,5,5
Little Star,5,5
Small Feet,5,5
Ballyhoo!,7,7
BUHU,5,5
Tycho,7,21
A Lion Named Roar,6,6
Panama,6,6
Scott Carlson (Replusion),1,1
Orgone,9,9
Yppah,5,5
John Cameron Mitchell,1,1
Rodriguez,5,5
Artifex Pereo,5,5
Pompeya,5,5
Elvis Depressedly,2,2
little hurricane,5,5
Brushy One String,1,1
Jason Isbell and the 400 Unit,4,4
Walter Martin,1,1
Andrés,1,1
Wayne Szalinski,6,6
Luna,5,5
Late in the Playoffs,5,5
Dean Wareham,6,12
Hidden Hospitals,5,5
Chk Chk Chk,3,3
AlunaGeorge,1,1
The Haden Triplets,1,1
Mike Golden & Friends,7,7
The Church,18,18
Little Green Cars,9,9
Mastodon,1,1
The Dream Syndicate,9,9
Benoît Pioulard,3,3
Jason McCue,2,2
Parlour Tricks,5,5
Beats Antique,9,9
The War on Peace,6,6
"Tyler, The Creator",3,9
Soft Black,4,4
Young Karin,5,5
Ace Reporter,5,5
Kid Bloom,1,1
Lupe Carroll,4,4
RX Bandits,5,5
Davila 666,5,5
Stile Antico,1,1
Daughter,16,48
Eddie Spaghetti,3,3
Kings Go Forth,4,4
Brandi Carlile,11,22
Wampire,5,5
Hey Marseilles,20,40
ZZ Ward,3,3
Trombone Shorty,5,10
Quasi,10,10
The Red River,1,1
Ed Harcourt,3,3
Childbirth,7,7
Caleb Klauder Country Band,4,4
Porter Ray,6,6
Prinspóló,2,2
Tinariwen,11,33
Weird Al Yankovic,1,1
Panic! at the Disco,1,1
letlive.,5,5
Ultimate Painting,9,9
Y La Bamba,5,5
Justin Hawkins (The Darkness),1,1
Drab Majesty,1,1
The Gorilla Press,1,1
Viva Brother,1,1
David Cross,1,1
Aterciopelados,8,16
BRONCHO,10,20
Lambchop's Kurt Wagner,1,1
Seu Jorge,6,12
Reptaliens,5,5
Benjamin Gibbard,3,3
Holy Ghost!,1,1
Patrick Carney (The Black Keys),1,1
My bubba & Mi,7,7
Cherry Glazerr,12,48
Gates,10,10
Sainthood Reps,9,9
K.Flay,7,14
We Are Augustines,1,1
Eskimeaux,5,10
Bad Suns,5,5
Hightek Lowlives,5,5
The Head and The Heart,6,6
Hector Gachan,3,3
BOYBOY,1,1
Phoebe Bridgers,2,4
RAW POWER KEXP,8,8
Tinashe,1,1
Ó,4,8
Maiah Manser,5,5
Pat Benatar & Neil Giraldo,1,1
Rose Windows,16,16
J Mascis (Dinosaur Jr),1,1
Irene Diaz,1,1
Adia Victoria,6,12
VACATIONS,3,3
sleepmakeswaves,4,4
Metro Boomin,1,1
Darker My Love,2,2
Noddy,1,1
JR JR,1,1
Light Years,6,6
Kyle Craft,5,5
Minks,1,1
Högni,6,6
Yours Are The Only Ears,1,1
Monobody,4,4
Pional,1,1
Lana Del Rey,1,1
Zane Lowe,1,1
David Russell,1,1
Vasudeva,5,5
MIke Golden & Friends,1,1
Haley Heynderickx,6,6
Uni Stefson,6,6
The White Buffalo,5,5
Free Energy,3,3
Metta World Peace,1,1
Spirit Family Reunion,1,1
The Antlers,17,17
Nick Grant,1,1
Sin Fang,9,9
Joseph,1,1
The Memorials,2,2
José González,13,13
MGMT,4,8
Of Monsters and Men,7,7
The 88,2,2
The Vaccines,2,4
Sylvan Esso,8,32
Glen Hansard,2,4
Woven Hand,1,1
Low Cut Connie,5,5
Rae Sremmurd,1,1
Elliott Brood,3,3
Into It. Over It.,16,16
Richard Marx,1,1
The Posies,12,12
William Elliott Whitmore,4,4
Dama Scout,1,1
Soda Shop,1,1
Kississippi,7,14
Listener,9,9
Plastic Pinks,6,6
OC Notes,1,1
Song Sparrow Research,5,5
Broncho,11,11
Luisa Maita,2,4
Ságan,5,5
Blackfoot Gypsies,4,4
Eric Hutchinson,5,5
Great Peacock,4,4
Waco Brothers,5,5
Árstíðir,10,10
Morning TV,1,1
Timothy Leary,1,1
Cullen Omori,5,5
Karl Blau,6,6
Hundred Waters,6,12
Jodie Landau & Valgeir Sigurðsson - a ballad,1,1
Isaiah Rashad,1,1
Hurray For The Riff Raff,14,14
Hilary Duff,1,1
The Life and Times,5,5
Metallica (Lars Ulrich),1,1
Klangstof,6,12
The Faint,7,7
The Juno Awards,1,1
Taken By Trees,1,1
John Vanderslice,8,24
Dale Earnhardt Jr. Jr.,9,9
Tides of Man,5,5
Brandy Clark,1,1
Rachael Cantu,1,1
The Moldy Peaches,1,1
Overcoats,7,14
Esma Redžepova & Folk Masters,5,5
Papercuts,5,5
Nick Jones,1,1
Twin Forks,6,6
Bash & Pop,6,6
The Holydrug Couple,1,1
Lightning Dust,3,6
Quiet Oaks,5,5
Hayes Carll,4,4
Plague Vendor,1,1
Jungle,6,12
Ludacris,1,1
Torres,1,1
Mark Pickerel and His Praying Hands,5,5
Stars,6,12
Flogging Molly,1,1
Chrome Pony,8,8
Youth Code,1,1
Rykarda Parasol,1,1
Briana Marela,9,9
Diamond Youth,6,6
Grísalappalísa,1,1
So Many Ways,5,5
Kindness,5,5
Grynch & Budo,4,4
Hjálmar,6,6
Eagle Rock Gospel Singers,5,5
Nick D' & The Believers,6,6
Hand Habits,6,12
Moji and the Midnight Sons,8,8
Vockah Redu,4,4
Matt Pond,8,8
Kendrick Lamar,1,1
Tim Burgess (Charlatans UK),1,1
Sure Sure,1,1
Mika Vainio,1,1
Guster,5,5
Oshwa,6,6
SAINT PEPSI,1,1
The Sidekicks,5,5
Andre Royo,1,1
Ty Segall & Cory Hanson,3,3
Maserati,5,5
LVL UP,5,5
Beirut,3,9
Tigerskin,1,1
Colony House,10,10
Slipknot,1,1
King Sunny Ade & His African Beats,5,5
Child Bite,3,3
Joseph Arthur,29,29
Tom Brosseau,7,14
My Chemical Romance,1,1
60 Tigres,5,5
Mark Eitzel,5,5
Khaira Arby and Her Band,4,4
Time For Three,1,1
Saves the Day,5,5
Courtney Barnett,16,48
Fai Baba,5,5
Gus Dapperton,6,6
Jason Dodson,2,2
Video Age,1,1
A-WA,5,5
Au Revoir Simone,10,10
Pokey LaFarge,9,27
Ghostface Killah,1,1
Zeshan B,3,3
Tilson XOXO,5,5
Dave Dondero,1,1
Pink Street Boys,11,11
Kitten,5,10
John Wiese,1,1
Hemming,4,4
Ducktails,6,6
Strawberry Girls,5,5
Column,1,1
Whitney,5,5
Larkin Poe,4,4
Cheatahs,9,9
For A Minor Reflection,4,4
The Famous Chicken,1,1
Brownout Presents: Brown Sabbath,5,5
The Coathangers,5,5
Longwave,2,2
My Bubba,1,1
Kellen & Me,1,1
Mannequin Pussy,10,10
The War On Drugs,10,20
Stumbleine,1,1
Gary Burton,1,1
Yuni in Taxco,4,4
Holly Williams,1,1
Kung Foo Grip,1,1
Ben Watt and Bernard Butler,5,5
RALPH TV,2,2
Tearjerker,1,1
Frontier Ruckus,15,15
Dana Falconberry,1,1
Hockey Dad,4,4
Horse Jumper of Love,6,6
Randy Newman,1,1
Autre Ne Veut,4,4
Gorbachev Take 2 !,1,1
Steve Gunn and The Outliners,5,5
Kat Edmonson,1,1
ZZK Records Crew,1,1
Jagwar Ma,7,7
Paul Jacobs,1,1
Aloha Screwdriver,5,5
Sophie Meiers x INVT,1,1
Bobby Rush,1,1
Catcall,1,1
Dimmu Borgir,1,1
Lowland Hum,1,1
Leslie Hall,2,2
Oso Gato,1,1
Glasser,6,12
Versing,7,7
Strand of Oaks,1,1
Stanton Moore Trio,4,4
Riff Raff,1,1
Sturgill Simpson,8,16
Pearl and the Beard,11,11
Minor Alps,5,5
Blood Cultures,3,3
Greg Proops,1,1
The Green Pajamas,5,5
Brian Blade & The Fellowship Band,5,5
The Avett Brothers,1,1
SassyBlack,5,5
The Young Evils,16,16
Alpine,2,4
Palm,9,18
Cereus Bright,5,5
Swedish musician Jens Lekman,1,1
TOPS,2,2
Maritime,6,6
Goodbye Heart,5,5
Just Like Vinyl,6,6
Tanlines,6,12
Black Cobra,1,1
Paul Dempsey,9,9
XVIII Eyes,5,5
Giant Sand,5,5
Telekinesis,25,50
The Baptist Generals,5,5
La Dispute,6,6
Loyal Divide,1,1
Broken Hope,3,3
James & Evander,1,1
Robyn Hitchcock and Emma Swift,6,6
The Roots feat. Bilal,1,1
Ravi Coltrane Quartet,1,1
Saytan,3,3
Meatbodies,11,11
Great Caesar,5,5
Xeni Jardin,1,1
Lil Xan,1,1
Mr. Silla,12,12
Little Chords,1,1
Premier John Horgan,1,1
Mary Lambert,5,5
Boogarins,5,5
Jovanotti,13,26
Crystal Fighters,1,1
Craig Finn,11,22
Femi Kuti & The Positive Force,3,3
Dave Gahan and Rich Machin (Soulsavers),1,1
ginla,1,1
Giraffage,4,8
Starfucker // STRFKR,1,1
Shadow Band,1,1
Alice Russell,7,21
Noel Gallagher,1,1
Gatherers,6,6
Porcelain Raft,10,20
The Horrors,3,9
Juanes,1,1
Michael Rault,5,5
Augustines,9,9
Matt Nathanson,1,1
The Killers,1,1
Mylets,5,5
The World Is,4,4
Art Brut,3,3
The Lonely Forest,14,14
The Everymen,1,1
The Lemon Twigs,8,32
Octave Noire,5,5
Jidenna,1,1
John Van Deusen,6,6
Kiasmos,10,10
Belleruche,4,4
Rødhåd,1,1
The Milk Carton Kids,8,16
Bonesetters,6,6
The 1975,1,1
Mates Of State,1,1
Daniel Lanois,8,16
Monotown,3,3
I Will Keep Your Ghost,5,5
The Down Feathers,1,1
Walker Lukens & The Side Arms,6,6
Chatmonchy,1,1
Lizz Wright,1,1
Clem Burke,1,1
James Blake,6,12
Quiet Hollers,5,5
SpaceGhostPurrp,1,1
Julia Louise,5,5
The Tontons,5,5
Selfsteam,2,2
James Apollo,9,9
Twin Peaks,18,54
The Men,14,14
Sales,2,2
The Symposium,5,5
EMA,7,14
Handsome Furs,1,1
Nearby,5,5
Prosumer and Hunee,1,1
Robert Ellis,1,1
Jason Lytle,1,1
Ha Ha Tonka,5,5
Thao & The Get Down Stay Down,5,5
Michel Faber,1,1
No Joy,9,9
Loon,5,5
Sonny Digital,1,1
Plants And Animals,7,7
Napoleon,1,1
Usman Riaz,1,1
The Temper Trap,4,4
Anna Calvi,4,8
Dengue Fever,10,20
Nils Frahm,4,8
Escondido,6,6
Landlady,1,1
Rökkuró,1,1
Prime Minister Jean Chretien,2,2
My Goodness,20,40
Slothrust,7,14
Houtakker,1,1
Black Rebel Motorcycle Club,7,14
How to Dress Well,5,5
Eagulls,5,5
Garfunkel and Oates,2,2
Pepper,5,5
Oblivians,5,5
Mike Kelley,1,1
Sarah Jarosz,1,1
HIGHS,5,5
Lady Lamb the Beekeeper,5,5
Amanda Blank & Spank Rock,1,1
James Pants,1,1
Afro Blue,1,1
Al Scorch,7,7
Acoustic Africa featuring Habib Koite,1,1
SALES,8,16
John Doe & Bill Frisell,1,1
Flatfoot 56,6,6
The Island of Misfit Toys,4,4
Johnny Weir,1,1
The Hundred In The Hands,4,4
Ganges River Band,5,5
Matthäus,5,5
Blind Pilot,20,40
San Cisco,5,5
Gang of Four,5,10
Axel Flóvent,7,7
Mikko Joensuu,5,5
Michael Ignatieff,1,1
Pedro Soler and Gaspar Claus,1,1
P.O.S,7,7
Young MC,1,1
Sandrider,9,9
Okkervil River,16,48
The Uncluded,5,5
Maria Bamford,1,1
luxury elite,1,1
Nicole Atkins,6,6
Kid Ink,1,1
Cayetana,5,5
Ryan Keberle & Catharsis,1,1
The Right Now,9,9
Allen Stone,12,12
Seth Avett & Jessica Lea Mayfield,5,5
The Districts,14,28
Thievery Corporation,6,6
Kathleen Edwards,1,1
Lully,1,1
Hands,5,5
Ukryte Zalety Systemu,8,8
Greg Saunier (Deerhoof),1,1
Erik Hall,4,4
Reptar,14,28
Cheek Mountain Thief,4,4
Matt Ulery's Loom,1,1
Bread & Butter,6,6
Blue Hawaii,3,3
Justin Townes Earle,20,60
Ramona Falls,1,1
Guards,4,8
Úlfur Eldjárn,5,5
Eddie Palmieri,1,1
Lyrics Born,1,1
Girlpool,2,4
The Reptilian,6,6
Mons Vi,1,1
Prawn,9,9
Yuni In Taxco,6,6
Ceremony,1,1
Dave Stewart,1,1
Turnover,6,12
Childish Gambino (Donald Glover),1,1
Joshua Powell,1,1
Quarto Negro,5,5
Clairy Browne,1,1
Lalo Alcaraz,1,1
Anthony Hamilton,1,1
Mandolin Orange,5,5
Trina da Baddest B*tch,1,1
LAKE,5,5
Rostam,5,5
FKA twigs,5,5
Seattle Rock Orchestra Quintet with Reykjavik Calling Artists,1,1
dj flugvél og geimskip (Airplane and Spaceship),2,2
Ron Jeremy,1,1
Corey Kilgannon,5,5
Redman,1,1
The Elwins,5,5
Aziz Ansari,1,1
Peaches Christ,1,1
Joseph Calleja,1,1
Moon Hooch,1,1
Save Us From The Archon,5,5
Caveman,18,72
Katey Sagal,1,1
Preservation Hall Jazz Band,15,30
Stephanie,5,5
Protoje,5,5
Kultur Shock,5,5
Chris Myers,1,1
Jon Hopkins,4,4
The Intelligence,5,5
Fox and the Law,5,5
DMA's,5,5
Down North,5,5
Ron Trent,1,1
Vic Chestnutt,1,1
Digable Planets,6,6
Jenny O.,1,1
TUFT,4,4
Nneka,5,10
Tegan and Sara,6,12
William Beckett,6,6
Triptides,1,1
Mandy Moore,1,1
My Ticket Home,5,5
Lila Downs,1,1
Joel Savoy and the Caleb Klauder Country Band,2,2
Vivian Girls,7,21
Grouch & Eligh,1,1
Sol Cat,9,9
Ravenna Woods,12,12
Xerxes,5,5
Marrow,4,4
The Balconies,2,2
Sarah Shook & the Disarmers,5,5
Industrial Revelation,5,5
Julia Holter,10,10
Charlie Parr,6,6
Metric,9,9
Vita and the Woolf,6,6
Mission of Burma,3,3
Busdriver,2,2
XURS,6,6
Chairlift,1,1
Charles Bradley & His Extraordinaires,5,5
The Dø,5,5
Van-Anh Vanessa Vo,1,1
Wild Child,5,5
Terraplane Sun,5,5
Gingerlys,1,1
Bonny Doon,1,1
Jackson Browne,1,1
Happy Orchestra,5,5
Tim Darcy,1,1
Drunk Dad,5,5
Gregory Porter,1,1
Barry Zito (SF Giants),1,1
Bear Ceuse,8,8
Surf City,1,1
The Head and the Heart,12,12
Eyedress,1,1
Bang Bang Eche,5,5
Mikhail Gorbachev,1,1
Timber Timbre,3,6
Sutari,6,6
Cardiknox,5,5
WILDTHINGS,1,1
"Astronauts, etc.",5,5
Downtown Boys,5,5
SOJA,6,12
Native,6,6
The Ruby Suns,5,5
The Kickback,14,14
Way Yes,3,3
Sky Ferreira G+ Hangout on Air Q&A,1,1
The Latebirds,1,1
Ghost Wave,6,6
Jeremy & The Harlequins,5,5
Yelawolf,1,1
The Twilight Sad,13,13
Tiny Little Houses,1,1
DIIV,8,16
The Swell Season,8,24
Suuns,5,5
Flint Eastwood,6,6
Geoff Rickly,3,3
The Cute Lepers,9,9
SEACATS,5,5
Bear Hands,10,20
Jóhann Jóhannsson,1,1
Amoeba Music Playlist Introduction,1,1
The Story Changes,6,6
The Band CAMINO,5,5
Shane Tutmarc,7,7
Andrew Weaver,1,1
The Reverend Horton Heat,7,7
Otis Taylor,1,1
Kins,1,1
Fran Healy and Andy Dunlop of Travis,1,1
Ab-Soul,1,1
Young Man,7,7
The Nels Cline Singers,1,1
CHVRCHES,10,10
Luluc,6,12
Grand Hallway,5,5
Charly Bliss,8,16
Autumn Defense,1,1
Seratones,6,12
Spencer Hickman,1,1
Mass Gothic,5,5
Lazyeyes,6,6
The Way Down Wanderers,5,5
PS I Love You,5,5
Transit,2,2
Meg Mac,1,1
Camper Van Beethoven,1,1
HMSTR,1,1
Greensky Bluegrass,3,3
JC Brooks & the Uptown Sound,11,11
Rubik,1,1
Rich Fulcher (Mighty Boosh),1,1
Dan Fedorenko,1,1
Caroline Rose,1,1
Jeordie White (aka Twiggy),1,1
Animal Years,5,5
Acid Ghost,2,2
Oh Pep!,13,52
Paul Cherry,2,2
*repeat repeat,5,5
Key Nyata,5,5
Dizzee Rascal,1,1
Seabear,1,1
Legendary Oaks,4,4
Mansions,6,6
Bocafloja,5,5
